1,https://en.wikipedia.org/wiki/India_Gate
2,https://en.wikipedia.org/wiki/Gateway_of_India
3,https://en.wikipedia.org/wiki/File:India_Gate_in_New_Delhi_03-2016.jpg
4,https://geohack.toolforge.org/geohack.php
5,https://en.wikipedia.org/wiki/Geographic_coordinate_system
6,https://en.wikipedia.org/wiki/File:Location_map_India_Delhi_EN.svg
7,https://en.wikipedia.org/wiki/Edwin_Lutyens
8,https://en.wikipedia.org/wiki/Rajpath
9,"https://en.wikipedia.org/wiki/New_Delhi,_India"
10,https://en.wikipedia.org/wiki/British_Indian_Army
11,https://en.wikipedia.org/wiki/World_War_I
12,https://en.wikipedia.org/wiki/Flanders
13,https://en.wikipedia.org/wiki/Mesopotamia
14,https://en.wikipedia.org/wiki/Persia
15,https://en.wikipedia.org/wiki/East_Africa
16,https://en.wikipedia.org/wiki/Gallipoli
17,https://en.wikipedia.org/wiki/Third_Anglo-Afghan_War
18,https://en.wikipedia.org/wiki/Memorial_gates_and_arches
19,https://en.wikipedia.org/wiki/Arch_of_Constantine
20,https://en.wikipedia.org/wiki/Arc_de_Triomphe
21,https://en.wikipedia.org/wiki/Bangladesh_Liberation_war
22,https://en.wikipedia.org/wiki/Amar_Jawan_Jyoti
23,https://en.wikipedia.org/wiki/Tomb_of_the_Unknown_Soldier
24,https://en.wikipedia.org/wiki/Republic_Day_(India)
25,https://en.wikipedia.org/wiki/Prime_Minister_of_India
26,https://en.wikipedia.org/wiki/Civil_society
27,https://en.wikipedia.org/w/index.php
28,https://en.wikipedia.org/wiki/File:India_Gate_in_1930s.jpg
29,https://en.wikipedia.org/wiki/Imperial_War_Graves_Commission
30,"https://en.wikipedia.org/wiki/Prince_Arthur,_Duke_of_Connaught_and_Strathearn"
31,https://en.wikipedia.org/wiki/Imperial_Service_Troops
32,"https://en.wikipedia.org/wiki/Frederic_Thesiger,_1st_Viscount_Chelmsford"
33,https://en.wikipedia.org/wiki/Deccan_Horse
34,https://en.wikipedia.org/wiki/6th_Jat_Light_Infantry
35,https://en.wikipedia.org/wiki/34th_Sikh_Pioneers
36,https://en.wikipedia.org/wiki/39th_Garhwal_Rifles
37,https://en.wikipedia.org/wiki/59th_Scinde_Rifles_(Frontier_Force)
38,https://en.wikipedia.org/wiki/117th_Mahrattas
39,https://en.wikipedia.org/wiki/5th_Gurkha_Rifles
40,https://en.wikipedia.org/wiki/Lord_Irwin
41,https://en.wikipedia.org/wiki/Yamuna_river
42,https://en.wikipedia.org/wiki/New_Delhi_Railway_Station
43,https://en.wikipedia.org/wiki/Wikipedia:Citation_needed
44,https://en.wikipedia.org/wiki/Rashtrapati_Bhavan
45,https://en.wikipedia.org/wiki/2012_Delhi_gang_rape
46,https://en.wikipedia.org/wiki/Unnao_rape_case
47,https://en.wikipedia.org/wiki/2011_Indian_anti-corruption_movement
48,https://en.wikipedia.org/wiki/Arch_of_Remembrance
49,https://en.wikipedia.org/wiki/Leicester
50,https://en.wikipedia.org/wiki/Wikipedia:Please_clarify
51,https://en.wikipedia.org/wiki/File:India_Gate_from_Rajpath.jpg
52,https://en.wikipedia.org/wiki/Sir_Edwin_Lutyens
53,"https://en.wikipedia.org/wiki/The_Cenotaph,_Whitehall"
54,https://en.wikipedia.org/wiki/David_Lloyd_George
55,https://centralvista.gov.in/
56,"https://en.wikipedia.org/wiki/File:India_Gate,_New_Delhi.jpg"
57,https://en.wikipedia.org/wiki/Commonwealth_War_Graves_Commission
58,https://en.wikipedia.org/wiki/File:Canopy_behind_India_Gate.jpg
59,https://en.wikipedia.org/wiki/File:Statue_av_Kong_Georg_V_av_Storbritannia_ved_India_Gate_(1952)_(16872147692).jpg
60,https://en.wikipedia.org/wiki/Cupola
61,https://en.wikipedia.org/wiki/Mahabalipuram
62,https://en.wikipedia.org/wiki/Delhi_Order
63,https://en.wikipedia.org/wiki/Chhajja
64,https://en.wikipedia.org/wiki/Jagatjit_Singh
65,https://en.wikipedia.org/wiki/Kapurthala_State
66,https://en.wikipedia.org/wiki/George_V_of_the_United_Kingdom
67,https://en.wikipedia.org/wiki/Sepsis
68,https://en.wikipedia.org/wiki/Delhi_Durbar
69,https://en.wikipedia.org/wiki/Imperial_State_Crown
70,https://en.wikipedia.org/wiki/Globus_cruciger
71,https://en.wikipedia.org/wiki/Charles_Sargeant_Jagger
72,https://en.wikipedia.org/wiki/Royal_Academy_of_Arts
73,https://en.wikipedia.org/wiki/Tudor_Crown_(heraldry)
74,https://en.wikipedia.org/wiki/Indian_independence_movement
75,https://en.wikipedia.org/wiki/Quit_India_movement
76,https://en.wikipedia.org/wiki/Hemwati_Nandan_Bahuguna
77,https://en.wikipedia.org/wiki/Manubhai_Shah
78,https://en.wikipedia.org/wiki/Indian_Rebellion_of_1857
79,https://en.wikipedia.org/wiki/Lalit_Narayan_Mishra
80,https://en.wikipedia.org/wiki/Independence_Day_(India)
81,https://en.wikipedia.org/wiki/Samyukta_Socialist_Party
82,https://en.wikipedia.org/wiki/Subhas_Chandra_Bose
83,https://en.wikipedia.org/wiki/Bharatiya_Jana_Sangh
84,"https://en.wikipedia.org/wiki/Coronation_Park,_Delhi"
85,https://en.wikipedia.org/wiki/Mahatma_Gandhi
86,https://en.wikipedia.org/wiki/Narendra_Modi
87,https://en.wikipedia.org/wiki/File:Amar_Javan_Jyoti.jpg
88,https://en.wikipedia.org/wiki/Indira_Gandhi
89,https://en.wikipedia.org/wiki/Tomb_of_the_unknown_soldier
90,https://en.wikipedia.org/wiki/Vijay_Diwas_(India)
91,https://en.wikipedia.org/wiki/National_War_Memorial_(India)
92,https://en.wikipedia.org/wiki/Special:Map/17/28.6128/77.2314/en
93,https://en.wikipedia.org/wiki/Indian_rupee
94,https://en.wikipedia.org/wiki/Crore
95,"https://en.wikipedia.org/wiki/File:India_Gate,_New_Delhi_at_Night.jpg"
96,https://en.wikipedia.org/wiki/File:India_Gate_on_an_evening.jpg
97,https://en.wikipedia.org/wiki/File:India-gate-names.jpg
98,https://en.wikipedia.org/wiki/File:Indian_Armed_Forces_flags.jpg
99,https://en.wikipedia.org/wiki/File:Defense.gov_photo_essay_120606-D-BW835-022.jpg
100,https://en.wikipedia.org/wiki/File:Russian_Defence_Minister_Sergei_Shoigu%27s_official_visit_to_India_(07).jpg
101,https://en.wikipedia.org/wiki/Sergey_Shoygu
102,"https://en.wikipedia.org/wiki/File:A_Mass_Run_against_Drug_Abuse,_on_the_occasion_of_the_International_Day_Against_Drug_Abuse_and_Illicit_Trafficking,_at_India_Gate,_in_New_Delhi_on_June_26,_2011.jpg"
103,https://en.wikipedia.org/wiki/International_Day_Against_Drug_Abuse_and_Illicit_Trafficking
104,https://en.wikipedia.org/wiki/Portal:India
105,https://en.wikipedia.org/wiki/File:P_parthenon.svg
106,https://en.wikipedia.org/wiki/Portal:Architecture
107,https://en.wikipedia.org/wiki/Neuve-Chapelle_Indian_Memorial
108,https://en.wikipedia.org/wiki/Delhi_War_Cemetery
109,http://www.cwgc.org/find-a-cemetery/cemetery/142700/DELHI%20MEMORIAL%20%28INDIA%20GATE%29
110,https://web.archive.org/web/20210414035151/https://www.cwgc.org/visit-us/find-cemeteries-memorials/cemetery-details/142700/delhi%20memorial%20(india%20gate)/
111,http://www.societyforhistoryeducation.org/pdfs/Johnson_and_Gilbertson.pdf
112,https://en.wikipedia.org/wiki/OL_(identifier)
113,https://openlibrary.org/books/OL17945606M
114,https://en.wikipedia.org/wiki/Thomas_R._Metcalf
115,http://www.outlookindia.com/article.aspx
116,https://en.wikipedia.org/wiki/Template:Cite_journal
117,https://en.wikipedia.org/wiki/Category:CS1_maint:_url-status
118,https://web.archive.org/web/20111127160500/http://www.hindustantimes.com/News-Feed/chunk-ht-ui-newdelhi100years-topstories/A-fine-balance-of-luxury-and-care/Article1-723880.aspx
119,https://en.wikipedia.org/wiki/Hindustan_Times
120,http://www.hindustantimes.com/News-Feed/chunk-ht-ui-newdelhi100years-topstories/A-fine-balance-of-luxury-and-care/Article1-723880.aspx
121,https://www.thehindubusinessline.com/news/india-gate-turns-war-zone-as-protests-swell/article20543914.ece1
122,https://economictimes.indiatimes.com/limit-public-access-to-india-gate-delhi-police/articleshow/15863509.cms
123,https://www.indiatoday.in/india/story/protest-held-at-india-gate-to-demand-justice-for-unnao-rape-survivor-1574997-2019-07-29
124,https://www.bbc.co.uk/news/uk-england-leicestershire-40045122
125,https://www.cwgc.org/find-records/find-war-dead/search-results/
126,https://en.wikipedia.org/wiki/Template:Cite_web
127,https://en.wikipedia.org/wiki/Gavin_Stamp
128,https://en.wikipedia.org/wiki/Arts_Council_of_Great_Britain
129,https://en.wikipedia.org/wiki/ISBN_(identifier)
130,https://en.wikipedia.org/wiki/Special:BookSources/978-0-7287-0304-9
131,https://en.wikipedia.org/wiki/Roderick_Gradidge
132,https://en.wikipedia.org/wiki/Special:BookSources/978-0-04-720023-6
133,https://doi.org/10.1017%2Fs0026749x14000080
134,https://en.wikipedia.org/wiki/Doi_(identifier)
135,https://en.wikipedia.org/wiki/Special:BookSources/81-230-0575-X
136,https://books.google.com/books
137,https://www.hindustantimes.com/india-news/grand-statue-of-subhas-chandra-bose-to-be-installed-at-india-gate-pm-modi-101642749061498.html
138,https://www.livemint.com/news/india/netaji-subash-chandra-bose-birth-anniversary-pm-modi-to-unveil-hologram-statue-today-at-india-gate-11642910983225.html
139,https://www.businesstoday.in/latest/politics/story/netaji-subhas-chandra-bose-jayanti-pm-modi-to-install-hologram-statue-at-india-gate-today-320012-2022-01-23
140,http://archive.indianexpress.com/news/keeper-of-the-flame/960016/0
141,https://web.archive.org/web/20140413143631/http://www.assamtribune.com/scripts/details.asp
142,http://www.assamtribune.com/scripts/details.asp
143,https://www.hindustantimes.com/india-news/in-historic-move-amar-jawan-jyoti-merged-with-national-war-memorial-flame-101642759893068.html
144,https://en.wikipedia.org/wiki/Josy_Joseph
145,https://www.thehindu.com/news/national/cabinet-clears-rs-500-crore-for-war-memorial-museum-for-postindependence-martyrs/article7734542.ece
146,https://en.wikipedia.org/wiki/ISSN_(identifier)
147,https://www.worldcat.org/issn/0971-751X
148,https://timesofindia.indiatimes.com/city/delhi/war-museum-ready-60-yrs-after-it-was-first-proposed/articleshow/67330108.cms
149,https://web.archive.org/web/20190103074259/https://timesofindia.indiatimes.com//city/delhi/war-museum-ready-60-yrs-after-it-was-first-proposed/articleshow/67330108.cms
150,https://web.archive.org/web/20190130125759/https://thewire.in/urban/national-war-museum-delhi-india-gate
151,https://thewire.in/urban/national-war-museum-delhi-india-gate
152,https://en.wikipedia.org/wiki/Rana_Chhina
153,https://www.mea.gov.in/Uploads/PublicationDocs/23460_IWM_Book__11-06-2014_.pdf
154,https://en.wikipedia.org/wiki/Special:BookSources/978-81-902097-9-3
155,https://web.archive.org/web/20220120044036/https://mea.gov.in/Uploads/PublicationDocs/23460_IWM_Book__11-06-2014_.pdf
156,https://en.wikipedia.org/wiki/File:Commons-logo.svg
157,https://commons.wikimedia.org/wiki/Category:India_Gate
158,https://en.wikipedia.org/wiki/Template:Delhi
159,https://en.wikipedia.org/wiki/Template_talk:Delhi
160,https://en.wikipedia.org/wiki/Delhi
161,https://en.wikipedia.org/wiki/Category:Delhi
162,https://en.wikipedia.org/wiki/Architecture_of_Delhi
163,https://en.wikipedia.org/wiki/Economy_of_Delhi
164,https://en.wikipedia.org/wiki/Education_in_Delhi
165,https://en.wikipedia.org/wiki/Government_of_Delhi
166,https://en.wikipedia.org/wiki/History_of_Delhi
167,https://en.wikipedia.org/wiki/Neighbourhoods_of_Delhi
168,https://en.wikipedia.org/wiki/Sport_in_Delhi
169,https://en.wikipedia.org/wiki/Tourism_in_Delhi
170,https://en.wikipedia.org/wiki/Transport_in_Delhi
171,https://en.wikipedia.org/wiki/Timeline_of_Delhi
172,https://en.wikipedia.org/wiki/Indraprastha
173,https://en.wikipedia.org/wiki/Hastinapur
174,https://en.wikipedia.org/wiki/Tomara_dynasty
175,https://en.wikipedia.org/wiki/Chahamanas_of_Shakambhari
176,https://en.wikipedia.org/wiki/Prithviraj_Raso
177,https://en.wikipedia.org/wiki/Muslim_conquests_in_the_Indian_subcontinent
178,https://en.wikipedia.org/wiki/Delhi_Sultanate
179,https://en.wikipedia.org/wiki/Mamluk_dynasty_(Delhi)
180,https://en.wikipedia.org/wiki/Khalji_dynasty
181,https://en.wikipedia.org/wiki/Tughlaq_dynasty
182,https://en.wikipedia.org/wiki/Sayyid_dynasty
183,https://en.wikipedia.org/wiki/Lodi_dynasty
184,https://en.wikipedia.org/wiki/Sher_Shah_Suri
185,https://en.wikipedia.org/wiki/Mughal_Empire
186,https://en.wikipedia.org/wiki/Old_Delhi
187,https://en.wikipedia.org/wiki/Maratha_Empire
188,https://en.wikipedia.org/wiki/British_East_India_Company
189,https://en.wikipedia.org/wiki/Bahadur_Shah_Zafar
190,https://en.wikipedia.org/wiki/British_Raj
191,https://en.wikipedia.org/wiki/Viceroy_of_India
192,https://en.wikipedia.org/wiki/Partition_of_India
193,https://en.wikipedia.org/wiki/New_Delhi
194,https://en.wikipedia.org/wiki/Delhi_Legislative_Assembly
195,https://en.wikipedia.org/wiki/List_of_lieutenant_governors_of_Delhi
196,https://en.wikipedia.org/wiki/List_of_chief_ministers_of_Delhi
197,https://en.wikipedia.org/wiki/Delhi_High_Court
198,https://en.wikipedia.org/wiki/Delhi_Commission_for_Women
199,https://en.wikipedia.org/wiki/List_of_districts_of_Delhi
200,https://en.wikipedia.org/wiki/District_Centres_of_Delhi
201,https://en.wikipedia.org/wiki/Municipal_Corporation_of_Delhi
202,https://en.wikipedia.org/wiki/Delhi_Development_Authority
203,https://en.wikipedia.org/wiki/New_Delhi_Municipal_Council
204,https://en.wikipedia.org/wiki/Delhi_Cantonment
205,https://en.wikipedia.org/wiki/East_Delhi_Municipal_Corporation
206,https://en.wikipedia.org/wiki/North_Delhi_Municipal_Corporation
207,https://en.wikipedia.org/wiki/South_Delhi_Municipal_Corporation
208,https://en.wikipedia.org/wiki/List_of_neighbourhoods_of_Delhi
209,"https://en.wikipedia.org/wiki/Connaught_Place,_New_Delhi"
210,https://en.wikipedia.org/wiki/Chandni_Chowk
211,https://en.wikipedia.org/wiki/Karol_Bagh
212,https://en.wikipedia.org/wiki/Chanakyapuri
213,https://en.wikipedia.org/wiki/Lajpat_Nagar
214,https://en.wikipedia.org/wiki/Hauz_Khas
215,https://en.wikipedia.org/wiki/List_of_tourist_attractions_in_Delhi
216,https://en.wikipedia.org/wiki/Agrasen_Ki_Baoli
217,https://en.wikipedia.org/wiki/Swaminarayan_Akshardham_(New_Delhi)
218,https://en.wikipedia.org/wiki/Ashokan_Edicts_in_Delhi
219,https://en.wikipedia.org/wiki/Bara_Gumbad
220,https://en.wikipedia.org/wiki/Barakhamba
221,https://en.wikipedia.org/wiki/Sunder_Nursery
222,https://en.wikipedia.org/wiki/Chausath_Khamba
223,https://en.wikipedia.org/wiki/Chhatarpur_Temple
224,https://en.wikipedia.org/wiki/Chor_Minar
225,https://en.wikipedia.org/wiki/Feroz_Shah_Kotla
226,https://en.wikipedia.org/wiki/Gates_of_Delhi
227,"https://en.wikipedia.org/wiki/Hanuman_Temple,_Connaught_Place"
228,https://en.wikipedia.org/wiki/Hauz_Khas_Complex
229,https://en.wikipedia.org/wiki/Hauz-i-Shamsi
230,https://en.wikipedia.org/wiki/Hijron_Ka_Khanqah
231,https://en.wikipedia.org/wiki/Humayun%27s_Tomb
232,https://en.wikipedia.org/wiki/ISKCON_Temple_Delhi
233,https://en.wikipedia.org/wiki/Jahanpanah
234,https://en.wikipedia.org/wiki/Jahaz_Mahal
235,"https://en.wikipedia.org/wiki/Jama_Masjid,_Delhi"
236,https://en.wikipedia.org/wiki/Jamali_Kamali_Mosque_and_Tomb
237,"https://en.wikipedia.org/wiki/Jantar_Mantar,_New_Delhi"
238,https://en.wikipedia.org/wiki/Khirki_Mosque
239,https://en.wikipedia.org/wiki/Lotus_Temple
240,https://en.wikipedia.org/wiki/Mehrauli
241,https://en.wikipedia.org/wiki/Metcalfe_House
242,https://en.wikipedia.org/wiki/Moth_ki_Masjid
243,https://en.wikipedia.org/wiki/National_Police_Memorial_(India)
244,https://en.wikipedia.org/wiki/Nizamuddin_Dargah
245,https://en.wikipedia.org/wiki/List_of_parks_in_Delhi
246,https://en.wikipedia.org/wiki/Parliament_of_India
247,https://en.wikipedia.org/wiki/Purana_Qila
248,https://en.wikipedia.org/wiki/Qila_Rai_Pithora
249,https://en.wikipedia.org/wiki/Qutb_Minar_complex
250,https://en.wikipedia.org/wiki/Ramlila_Maidan
251,https://en.wikipedia.org/wiki/Raj_Ghat_and_associated_memorials
252,https://en.wikipedia.org/wiki/Red_Fort
253,https://en.wikipedia.org/wiki/Salimgarh_Fort
254,https://en.wikipedia.org/wiki/Shish_Gumbad
255,https://en.wikipedia.org/wiki/Siri_Fort
256,https://en.wikipedia.org/wiki/Sultan_Ghari
257,https://en.wikipedia.org/wiki/Teen_Murti_Bhavan
258,https://en.wikipedia.org/wiki/Tomb_of_Isa_Khan
259,https://en.wikipedia.org/wiki/Tomb_of_Safdar_Jang
260,https://en.wikipedia.org/wiki/Tughlaqabad_Fort
261,https://en.wikipedia.org/wiki/Vijay_Chowk
262,https://en.wikipedia.org/wiki/Wall_of_Truth
263,https://en.wikipedia.org/wiki/Yogmaya_Temple
264,https://en.wikipedia.org/wiki/Delhi_Stock_Exchange
265,https://en.wikipedia.org/wiki/Indira_Gandhi_International_Airport
266,https://en.wikipedia.org/wiki/Safdarjung_Airport
267,https://en.wikipedia.org/wiki/Hindon_Airport
268,https://en.wikipedia.org/wiki/Jewar_Airport
269,https://en.wikipedia.org/wiki/Anand_Vihar_Terminal_railway_station
270,https://en.wikipedia.org/wiki/Delhi_Junction_railway_station
271,https://en.wikipedia.org/wiki/Hazrat_Nizamuddin_railway_station
272,https://en.wikipedia.org/wiki/New_Delhi_railway_station
273,https://en.wikipedia.org/wiki/Delhi_Sarai_Rohilla_railway_station
274,https://en.wikipedia.org/wiki/Delhi_Light_Rail_Transit
275,https://en.wikipedia.org/wiki/Delhi_Metro
276,https://en.wikipedia.org/wiki/Delhi_Monorail
277,https://en.wikipedia.org/wiki/Delhi_Suburban_Railway
278,https://en.wikipedia.org/wiki/Delhi_Transport_Corporation
279,https://en.wikipedia.org/wiki/Inter_State_Bus_Terminals
280,https://en.wikipedia.org/wiki/Delhi_Bus_Rapid_Transit_System
281,https://en.wikipedia.org/wiki/Punjabi_cuisine
282,https://en.wikipedia.org/wiki/Dilli_Haat
283,https://en.wikipedia.org/wiki/Khari_Baoli
284,https://en.wikipedia.org/wiki/List_of_cinemas_in_Delhi
285,https://en.wikipedia.org/wiki/Shopping_in_Delhi
286,https://en.wikipedia.org/wiki/Delhi_Queer_Pride_Parade
287,https://en.wikipedia.org/wiki/Delhi_cricket_team
288,https://en.wikipedia.org/wiki/Delhi_Capitals
289,https://en.wikipedia.org/wiki/Hindustan_F.C.
290,https://en.wikipedia.org/wiki/New_Delhi_Heroes_F.C.
291,https://en.wikipedia.org/wiki/Delhi_United_FC
292,https://en.wikipedia.org/wiki/Delhi_Waveriders
293,https://en.wikipedia.org/wiki/Delhi_Smashers
294,https://en.wikipedia.org/wiki/Delhi_Dynamos_FC
295,https://en.wikipedia.org/wiki/Delhi_football_team
296,https://en.wikipedia.org/wiki/Delhi_Defenders
297,https://en.wikipedia.org/wiki/Delhi_Giants
298,https://en.wikipedia.org/wiki/Delhi_Wizards
299,https://en.wikipedia.org/wiki/Garhwal_F.C.
300,https://en.wikipedia.org/wiki/Dabang_Delhi
301,https://en.wikipedia.org/wiki/Simla_Youngs_F.C.
302,https://en.wikipedia.org/wiki/Arun_Jaitley_Stadium
303,https://en.wikipedia.org/wiki/Chhatrasal_Stadium
304,https://en.wikipedia.org/wiki/Delhi_University_Stadium
305,https://en.wikipedia.org/wiki/Dr._Ambedkar_Stadium_(New_Delhi)
306,https://en.wikipedia.org/wiki/Dr._Karni_Singh_Shooting_Range
307,https://en.wikipedia.org/wiki/Harbax_Singh_Stadium
308,https://en.wikipedia.org/wiki/Indira_Gandhi_Arena
309,https://en.wikipedia.org/wiki/Jamia_Millia_Islamia_University_Ground
310,https://en.wikipedia.org/wiki/Jawaharlal_Nehru_Stadium_(Delhi)
311,https://en.wikipedia.org/wiki/Karnail_Singh_Stadium
312,https://en.wikipedia.org/wiki/Major_Dhyan_Chand_National_Stadium
313,https://en.wikipedia.org/wiki/Siri_Fort_Sports_Complex
314,https://en.wikipedia.org/wiki/SPM_Swimming_Pool_Complex
315,https://en.wikipedia.org/wiki/Talkatora_Stadium
316,https://en.wikipedia.org/wiki/Thyagaraj_Sports_Complex
317,https://en.wikipedia.org/wiki/Yamuna_Sports_Complex
318,https://en.wikipedia.org/wiki/1951_Asian_Games
319,https://en.wikipedia.org/wiki/1982_Asian_Games
320,https://en.wikipedia.org/wiki/1987_Cricket_World_Cup
321,https://en.wikipedia.org/wiki/1989_Asian_Athletics_Championships
322,https://en.wikipedia.org/wiki/1996_Cricket_World_Cup
323,https://en.wikipedia.org/wiki/2010_Commonwealth_Games
324,https://en.wikipedia.org/wiki/2010_Men%27s_Hockey_World_Cup
325,https://en.wikipedia.org/wiki/2011_Cricket_World_Cup
326,https://en.wikipedia.org/wiki/Nehru_Cup
327,https://en.wikipedia.org/wiki/Delhi_Half_Marathon
328,https://en.wikipedia.org/wiki/Delhi_division
329,https://en.wikipedia.org/wiki/Central_Delhi_district
330,https://en.wikipedia.org/wiki/East_Delhi_district
331,https://en.wikipedia.org/wiki/New_Delhi_district
332,https://en.wikipedia.org/wiki/North_Delhi_district
333,https://en.wikipedia.org/wiki/North_East_Delhi_district
334,https://en.wikipedia.org/wiki/North_West_Delhi_district
335,https://en.wikipedia.org/wiki/Shahdara_district
336,https://en.wikipedia.org/wiki/South_Delhi_district
337,https://en.wikipedia.org/wiki/South_East_Delhi_district
338,https://en.wikipedia.org/wiki/South_West_Delhi_district
339,https://en.wikipedia.org/wiki/West_Delhi_district
340,https://en.wikipedia.org/wiki/National_Capital_Region_(India)
341,https://en.wikipedia.org/wiki/Faridabad
342,https://en.wikipedia.org/wiki/Ghaziabad
343,https://en.wikipedia.org/wiki/Greater_Noida
344,https://en.wikipedia.org/wiki/Gurgaon
345,https://en.wikipedia.org/wiki/Noida
346,https://en.wikipedia.org/wiki/Category:People_from_Delhi
347,https://en.wikipedia.org/wiki/Category:Buildings_and_structures_in_Delhi
348,https://en.wikipedia.org/wiki/List_of_cities_in_India_by_population
349,"https://en.wikipedia.org/wiki/Garstin_Bastion_Road,_New_Delhi"
350,https://en.wikipedia.org/wiki/Template:Hindu_temples_in_Delhi
351,https://en.wikipedia.org/wiki/Template:Delhi_landmarks
352,https://en.wikipedia.org/wiki/Template:Museums_in_Delhi
353,https://en.wikipedia.org/wiki/Template:Neighbourhoods_of_Delhi
354,https://en.wikipedia.org/wiki/Template:Power_Plants_of_Delhi
355,https://en.wikipedia.org/wiki/Template:Universities_in_the_Delhi
356,https://en.wikipedia.org/wiki/Template_talk:Delhi_landmarks
357,"https://en.wikipedia.org/wiki/Kashmiri_Gate,_Delhi"
358,https://en.wikipedia.org/wiki/Qutb_Minar
359,https://en.wikipedia.org/wiki/Parliament_House_(India)
360,"https://en.wikipedia.org/wiki/Secretariat_Building,_New_Delhi"
361,https://en.wikipedia.org/wiki/Tomb_of_Adham_Khan
362,https://en.wikipedia.org/wiki/Zafar_Mahal_(Mehrauli)
363,https://en.wikipedia.org/wiki/Ahinsa_Sthal
364,https://en.wikipedia.org/wiki/Cathedral_Church_of_the_Redemption
365,https://en.wikipedia.org/wiki/Fatehpuri_Mosque
366,https://en.wikipedia.org/wiki/Gurudwara_Bangla_Sahib
367,https://en.wikipedia.org/wiki/Gurudwara_Sis_Ganj_Sahib
368,https://en.wikipedia.org/wiki/Laxminarayan_Temple
369,"https://en.wikipedia.org/wiki/Sacred_Heart_Cathedral,_New_Delhi"
370,https://en.wikipedia.org/wiki/Sri_Digambar_Jain_Lal_Mandir
371,https://en.wikipedia.org/wiki/Delhi_Ridge
372,https://en.wikipedia.org/wiki/Garden_of_Five_Senses
373,https://en.wikipedia.org/wiki/Lodi_Gardens
374,https://en.wikipedia.org/wiki/Mehrauli_Archaeological_Park
375,https://en.wikipedia.org/wiki/Tomb_of_Balban
376,https://en.wikipedia.org/wiki/National_Zoological_Park_Delhi
377,https://en.wikipedia.org/wiki/Template:Neighborhoods_of_Delhi
378,https://en.wikipedia.org/wiki/Template:Power_stations_of_Delhi
379,https://en.wikipedia.org/wiki/Template:Universities_in_Delhi
380,https://en.wikipedia.org/wiki/Help:Category
381,https://en.wikipedia.org/wiki/Category:Tourist_attractions_in_Delhi
382,https://en.wikipedia.org/wiki/Category:Gates_of_Delhi
383,https://en.wikipedia.org/wiki/Category:Monuments_and_memorials_in_Delhi
384,https://en.wikipedia.org/wiki/Category:Buildings_and_structures_in_New_Delhi
385,https://en.wikipedia.org/wiki/Category:Triumphal_arches_in_India
386,https://en.wikipedia.org/wiki/Category:Gates_in_India
387,https://en.wikipedia.org/wiki/Category:World_War_I_memorials_in_India
388,https://en.wikipedia.org/wiki/Category:Terminating_vistas
389,https://en.wikipedia.org/wiki/Category:Indian_military_memorials_and_cemeteries
390,https://en.wikipedia.org/wiki/Category:Military_of_India
391,https://en.wikipedia.org/wiki/Category:Cultural_infrastructure_completed_in_1931
392,https://en.wikipedia.org/wiki/Category:Works_of_Edwin_Lutyens_in_India
393,https://en.wikipedia.org/wiki/Category:War_memorials_by_Edwin_Lutyens
394,https://en.wikipedia.org/wiki/Category:Commonwealth_War_Graves_Commission_memorials
395,https://en.wikipedia.org/wiki/Category:Road_junctions_in_India
396,https://en.wikipedia.org/wiki/Category:Squares_in_India
397,https://en.wikipedia.org/wiki/Category:Articles_with_short_description
398,https://en.wikipedia.org/wiki/Category:Short_description_matches_Wikidata
399,https://en.wikipedia.org/wiki/Category:Use_Indian_English_from_June_2016
400,https://en.wikipedia.org/wiki/Category:All_Wikipedia_articles_written_in_Indian_English
401,https://en.wikipedia.org/wiki/Category:Use_dmy_dates_from_November_2020
402,https://en.wikipedia.org/wiki/Category:Coordinates_on_Wikidata
403,https://en.wikipedia.org/wiki/Category:All_articles_with_unsourced_statements
404,https://en.wikipedia.org/wiki/Category:Articles_with_unsourced_statements_from_September_2019
405,https://en.wikipedia.org/wiki/Category:Wikipedia_articles_needing_clarification_from_September_2019
406,https://en.wikipedia.org/wiki/Category:Articles_containing_OSM_location_maps
407,https://en.wikipedia.org/wiki/Category:Commons_category_link_from_Wikidata
408,https://en.wikipedia.org/wiki/Category:Pages_using_the_Graph_extension
409,https://en.wikipedia.org/wiki/Category:Pages_using_the_Kartographer_extension
410,https://en.wikipedia.org/wiki/Special:MyTalk
411,https://en.wikipedia.org/wiki/Special:MyContributions
412,https://en.wikipedia.org/wiki/Talk:India_Gate
413,https://en.wikipedia.org/wiki/Main_Page
414,https://en.wikipedia.org/wiki/Wikipedia:Contents
415,https://en.wikipedia.org/wiki/Portal:Current_events
416,https://en.wikipedia.org/wiki/Special:Random
417,https://en.wikipedia.org/wiki/Wikipedia:About
418,https://en.wikipedia.org/wiki/Wikipedia:Contact_us
419,https://donate.wikimedia.org/wiki/Special:FundraiserRedirector
420,https://en.wikipedia.org/wiki/Help:Contents
421,https://en.wikipedia.org/wiki/Help:Introduction
422,https://en.wikipedia.org/wiki/Wikipedia:Community_portal
423,https://en.wikipedia.org/wiki/Special:RecentChanges
424,https://en.wikipedia.org/wiki/Wikipedia:File_Upload_Wizard
425,https://en.wikipedia.org/wiki/Special:WhatLinksHere/India_Gate
426,https://en.wikipedia.org/wiki/Special:RecentChangesLinked/India_Gate
427,https://en.wikipedia.org/wiki/Special:SpecialPages
428,https://www.wikidata.org/wiki/Special:EntityPage/Q245347
429,https://ar.wikipedia.org/wiki/%D8%A8%D9%88%D8%A7%D8%A8%D8%A9_%D8%A7%D9%84%D9%87%D9%86%D8%AF
430,https://bn.wikipedia.org/wiki/%E0%A6%87%E0%A6%A8%E0%A7%8D%E0%A6%A1%E0%A6%BF%E0%A6%AF%E0%A6%BC%E0%A6%BE_%E0%A6%97%E0%A7%87%E0%A6%9F
431,https://zh-min-nan.wikipedia.org/wiki/%C3%8Cn-t%C5%8D%CD%98_Mn%CC%82g
432,https://be.wikipedia.org/wiki/%D0%92%D0%B0%D1%80%D0%BE%D1%82%D1%8B_%D0%86%D0%BD%D0%B4%D1%8B%D1%96
433,https://bh.wikipedia.org/wiki/%E0%A4%87%E0%A4%82%E0%A4%A1%E0%A4%BF%E0%A4%AF%E0%A4%BE_%E0%A4%97%E0%A5%87%E0%A4%9F
434,https://ca.wikipedia.org/wiki/Porta_de_l%27%C3%8Dndia
435,https://ceb.wikipedia.org/wiki/India_Gate
436,https://cs.wikipedia.org/wiki/India_Gate
437,https://de.wikipedia.org/wiki/India_Gate
438,https://es.wikipedia.org/wiki/Puerta_de_la_India
439,https://eu.wikipedia.org/wiki/India_Gate
440,https://fa.wikipedia.org/wiki/%D8%AF%D8%B1%D9%88%D8%A7%D8%B2%D9%87_%D9%87%D9%86%D8%AF_(%D8%AF%D9%87%D9%84%DB%8C_%D9%86%D9%88)
441,https://fr.wikipedia.org/wiki/Porte_de_l%27Inde_(New_Delhi)
442,https://gu.wikipedia.org/wiki/%E0%AA%88%E0%AA%82%E0%AA%A1%E0%AA%BF%E0%AA%AF%E0%AA%BE_%E0%AA%97%E0%AB%87%E0%AA%9F
443,https://ko.wikipedia.org/wiki/%EC%9D%B8%EB%8F%84%EB%AC%B8_(%EB%8D%B8%EB%A6%AC)
444,https://hi.wikipedia.org/wiki/%E0%A4%87%E0%A4%A3%E0%A5%8D%E0%A4%A1%E0%A4%BF%E0%A4%AF%E0%A4%BE_%E0%A4%97%E0%A5%87%E0%A4%9F
445,https://id.wikipedia.org/wiki/Gerbang_India_(New_Delhi)
446,https://it.wikipedia.org/wiki/Porta_dell%27India
447,https://he.wikipedia.org/wiki/%D7%A9%D7%A2%D7%A8_%D7%94%D7%95%D7%93%D7%95
448,https://kn.wikipedia.org/wiki/%E0%B2%87%E0%B2%82%E0%B2%A1%E0%B2%BF%E0%B2%AF%E0%B2%BE_%E0%B2%97%E0%B3%87%E0%B2%9F%E0%B3%8D%E2%80%8C
449,https://ka.wikipedia.org/wiki/%E1%83%98%E1%83%9C%E1%83%93%E1%83%9D%E1%83%94%E1%83%97%E1%83%98%E1%83%A1_%E1%83%99%E1%83%90%E1%83%A0%E1%83%98%E1%83%91%E1%83%AD%E1%83%94
450,https://hu.wikipedia.org/wiki/India-kapu
451,https://mai.wikipedia.org/wiki/%E0%A4%87%E0%A4%A8%E0%A5%8D%E0%A4%A1%E0%A4%BF%E0%A4%AF%E0%A4%BE_%E0%A4%97%E0%A5%87%E0%A4%9F
452,https://ml.wikipedia.org/wiki/%E0%B4%87%E0%B4%A8%E0%B5%8D%E0%B4%A4%E0%B5%8D%E0%B4%AF_%E0%B4%97%E0%B5%87%E0%B4%B1%E0%B5%8D%E0%B4%B1%E0%B5%8D
453,https://mr.wikipedia.org/wiki/%E0%A4%87%E0%A4%82%E0%A4%A1%E0%A4%BF%E0%A4%AF%E0%A4%BE_%E0%A4%97%E0%A5%87%E0%A4%9F
454,https://nl.wikipedia.org/wiki/India_Gate
455,https://ne.wikipedia.org/wiki/%E0%A4%87%E0%A4%A8%E0%A5%8D%E0%A4%A1%E0%A4%BF%E0%A4%AF%E0%A4%BE_%E0%A4%97%E0%A5%87%E0%A4%9F
456,https://ja.wikipedia.org/wiki/%E3%82%A4%E3%83%B3%E3%83%89%E9%96%80
457,https://no.wikipedia.org/wiki/India_Gate
458,https://or.wikipedia.org/wiki/%E0%AC%87%E0%AC%A3%E0%AD%8D%E0%AC%A4%E0%AC%BF%E0%AC%86_%E0%AC%97%E0%AD%87%E0%AC%9F
459,https://pa.wikipedia.org/wiki/%E0%A8%87%E0%A9%B0%E0%A8%A1%E0%A9%80%E0%A8%86_%E0%A8%97%E0%A9%87%E0%A8%9F
460,https://pnb.wikipedia.org/wiki/%D8%A7%D9%86%DA%88%DB%8C%D8%A7_%DA%AF%DB%8C%D9%B9
461,https://pl.wikipedia.org/wiki/Brama_Indii_(Delhi)
462,https://pt.wikipedia.org/wiki/Porta_da_%C3%8Dndia_(Nova_Deli)
463,https://ru.wikipedia.org/wiki/%D0%92%D0%BE%D1%80%D0%BE%D1%82%D0%B0_%D0%98%D0%BD%D0%B4%D0%B8%D0%B8
464,https://sa.wikipedia.org/wiki/%E0%A4%AD%E0%A4%BE%E0%A4%B0%E0%A4%A4%E0%A4%A6%E0%A5%8D%E0%A4%B5%E0%A4%BE%E0%A4%B0%E0%A4%AE%E0%A5%8D
465,https://simple.wikipedia.org/wiki/India_Gate
466,https://ckb.wikipedia.org/wiki/%D8%AF%DB%95%D8%B1%D9%88%D8%A7%D8%B2%DB%95%DB%8C_%DA%BE%DB%8C%D9%86%D8%AF
467,https://fi.wikipedia.org/wiki/India_Gate
468,https://sv.wikipedia.org/wiki/India_Gate
469,https://ta.wikipedia.org/wiki/%E0%AE%87%E0%AE%A8%E0%AF%8D%E0%AE%A4%E0%AE%BF%E0%AE%AF%E0%AE%BE%E0%AE%B5%E0%AE%BF%E0%AE%A9%E0%AF%8D_%E0%AE%B5%E0%AE%BE%E0%AE%AF%E0%AE%BF%E0%AE%B2%E0%AF%8D
470,https://te.wikipedia.org/wiki/%E0%B0%87%E0%B0%82%E0%B0%A1%E0%B0%BF%E0%B0%AF%E0%B0%BE_%E0%B0%97%E0%B1%87%E0%B0%9F%E0%B1%8D
471,https://th.wikipedia.org/wiki/%E0%B8%9B%E0%B8%A3%E0%B8%B0%E0%B8%95%E0%B8%B9%E0%B8%AD%E0%B8%B4%E0%B8%99%E0%B9%80%E0%B8%94%E0%B8%B5%E0%B8%A2
472,https://uk.wikipedia.org/wiki/%D0%91%D1%80%D0%B0%D0%BC%D0%B0_%D0%86%D0%BD%D0%B4%D1%96%D1%97_(%D0%94%D0%B5%D0%BB%D1%96)
473,https://ur.wikipedia.org/wiki/%D8%A8%D8%A7%D8%A8_%DB%81%D9%86%D8%AF
474,https://zh.wikipedia.org/wiki/%E5%8D%B0%E5%BA%A6%E9%97%A8_(%E5%BE%B7%E9%87%8C)
475,https://en.wikipedia.org/wiki/Wikipedia:Text_of_Creative_Commons_Attribution-ShareAlike_3.0_Unported_License
476,https://creativecommons.org/licenses/by-sa/3.0/
477,https://foundation.wikimedia.org/wiki/Terms_of_Use
478,https://foundation.wikimedia.org/wiki/Privacy_policy
479,https://www.wikimediafoundation.org/
480,https://en.wikipedia.org/wiki/Wikipedia:General_disclaimer
481,https://en.m.wikipedia.org/w/index.php
482,https://www.mediawiki.org/wiki/Special:MyLanguage/How_to_contribute
483,https://stats.wikimedia.org/
484,https://foundation.wikimedia.org/wiki/Cookie_statement
485,https://wikimediafoundation.org/
486,https://www.mediawiki.org/
