1,https://en.wikipedia.org/wiki/Red_Fort
2,https://en.wikipedia.org/wiki/Wikipedia:Protection_policy
3,https://en.wikipedia.org/wiki/Lal_Qila_(disambiguation)
4,https://en.wikipedia.org/wiki/Red_Fort_of_Agra
5,"https://en.wikipedia.org/wiki/Red_Fort,_Muzaffarabad"
6,https://en.wikipedia.org/wiki/File:Delhi_fort.jpg
7,https://en.wikipedia.org/wiki/Old_Delhi
8,https://en.wikipedia.org/wiki/India
9,https://geohack.toolforge.org/geohack.php
10,https://en.wikipedia.org/wiki/Geographic_coordinate_system
11,https://en.wikipedia.org/wiki/Ustad_Ahmad_Lahori
12,https://en.wikipedia.org/wiki/Indo-Islamic_architecture
13,https://en.wikipedia.org/wiki/Mughal_architecture
14,https://en.wikipedia.org/wiki/Mughal_Empire
15,https://en.wikipedia.org/wiki/Maratha_Empire
16,https://en.wikipedia.org/wiki/British_Raj
17,https://en.wikipedia.org/wiki/Government_of_India
18,https://en.wikipedia.org/wiki/World_Heritage_Site
19,https://en.wikipedia.org/wiki/List_of_World_Heritage_Sites_by_year_of_inscription
20,https://en.wikipedia.org/wiki/World_Heritage_Committee
21,https://whc.unesco.org/en/list/231rev
22,https://en.wikipedia.org/wiki/List_of_World_Heritage_Sites_in_Asia
23,https://en.wikipedia.org/wiki/File:Location_map_India_Delhi_EN.svg
24,https://en.wikipedia.org/wiki/Delhi
25,https://en.wikipedia.org/wiki/Help:IPA/Hindi_and_Urdu
26,https://en.wikipedia.org/wiki/Fort
27,https://en.wikipedia.org/wiki/Mughal_Emperors
28,https://en.wikipedia.org/wiki/Shah_Jahan
29,https://en.wikipedia.org/wiki/Agra
30,https://en.wikipedia.org/wiki/Taj_Mahal
31,https://en.wikipedia.org/wiki/Persianate_society
32,https://en.wikipedia.org/wiki/Nadir_Shah
33,https://en.wikipedia.org/wiki/Indian_Rebellion_of_1857
34,https://en.wikipedia.org/wiki/Garrison
35,https://en.wikipedia.org/wiki/Prime_Minister_of_India
36,https://en.wikipedia.org/wiki/Jawaharlal_Nehru
37,https://en.wikipedia.org/wiki/Flag_of_India
38,"https://en.wikipedia.org/wiki/Lahori_Gate,_Delhi"
39,https://en.wikipedia.org/wiki/Independence_Day_(India)
40,https://en.wikipedia.org/wiki/Defensive_wall
41,https://en.wikipedia.org/wiki/UNESCO_World_Heritage_Site
42,https://en.wikipedia.org/wiki/Hindustani_language
43,https://en.wikipedia.org/wiki/Hindi_language
44,https://en.wikipedia.org/wiki/Urdu_language
45,https://en.wikipedia.org/wiki/Agra_Fort
46,"https://en.wikipedia.org/wiki/File:%27Jujhar_Singh_Bundela_Kneels_in_Submission_to_Shah_Jahan%27,_painted_by_Bichitr,_c._1630,_Chester_Beatty_Library_(cropped2).jpg"
47,https://en.wikipedia.org/wiki/Mughal_Emperor
48,https://en.wikipedia.org/wiki/Yamuna_River
49,https://en.wikipedia.org/wiki/Moats
50,https://en.wikipedia.org/wiki/Islamic_month
51,https://en.wikipedia.org/wiki/Muharram
52,https://en.wikipedia.org/wiki/Salimgarh_Fort
53,https://en.wikipedia.org/wiki/Aurangzeb
54,https://en.wikipedia.org/wiki/Moti_Masjid_(Red_Fort)
55,https://en.wikipedia.org/wiki/Barbican
56,https://en.wikipedia.org/wiki/Jahandar_Shah
57,https://en.wikipedia.org/wiki/Mughal_emperors
58,https://en.wikipedia.org/wiki/Farrukhsiyar
59,https://en.wikipedia.org/wiki/Peacock_Throne
60,https://en.wikipedia.org/wiki/Sirhind
61,https://en.wikipedia.org/wiki/Panipat
62,https://en.wikipedia.org/wiki/Ahmad_Shah_Durrani
63,https://en.wikipedia.org/wiki/Maratha
64,https://en.wikipedia.org/wiki/Diwan-i-Khas_(Red_Fort)
65,https://en.wikipedia.org/wiki/Battle_of_Panipat_(1761)
66,https://en.wikipedia.org/wiki/Shah_Alam_II
67,https://en.wikipedia.org/wiki/Jat_people
68,https://en.wikipedia.org/wiki/Bharatpur_State
69,https://en.wikipedia.org/wiki/Jawahar_Singh
70,https://en.wikipedia.org/wiki/Suraj_Mal
71,https://en.wikipedia.org/wiki/Mughals
72,https://en.wikipedia.org/wiki/Deeg
73,https://en.wikipedia.org/wiki/Lohagarh_Fort
74,"https://en.wikipedia.org/wiki/Bharatpur,_Rajasthan"
75,https://en.wikipedia.org/wiki/Misl
76,https://en.wikipedia.org/wiki/Baghel_Singh
77,https://en.wikipedia.org/wiki/Sikhs
78,https://en.wikipedia.org/wiki/Gurdwara
79,https://en.wikipedia.org/wiki/Gurudwara_Sis_Ganj_Sahib
80,https://en.wikipedia.org/wiki/Chandni_Chowk
81,https://en.wikipedia.org/wiki/East_India_Company
82,https://en.wikipedia.org/wiki/Second_Anglo-Maratha_War
83,"https://en.wikipedia.org/wiki/Battle_of_Delhi,_1803"
84,https://en.wikipedia.org/wiki/Resident_(title)
85,https://en.wikipedia.org/wiki/File:Ghulam_Ali_Khan_010b.jpg
86,https://en.wikipedia.org/wiki/File:Rang_Mahal_with_Fountain_-_Western_View_-_Red_Fort_-_Delhi_2014-05-13_3243.JPG
87,https://en.wikipedia.org/wiki/Rangoon
88,https://en.wikipedia.org/wiki/Harem
89,https://en.wikipedia.org/wiki/Wikipedia:Citation_needed
90,https://en.wikipedia.org/wiki/Lord_Curzon
91,https://en.wikipedia.org/wiki/File:PM_Nehru_addresses_the_nation_from_the_Red_Fort_on_15_August_1947.jpg
92,https://en.wikipedia.org/wiki/India%27s_Independence_Day
93,https://en.wikipedia.org/wiki/Nehru
94,https://en.wikipedia.org/wiki/British_Museum
95,https://en.wikipedia.org/wiki/British_Library
96,https://en.wikipedia.org/wiki/Victoria_and_Albert_Museum
97,https://en.wikipedia.org/wiki/Wine_cup_of_Shah_Jahan
98,https://en.wikipedia.org/wiki/Crown_of_Bahadur_Shah_II
99,https://en.wikipedia.org/wiki/Restitution
100,https://en.wikipedia.org/wiki/File:Ghulam_Ali_Khan_003b.jpg
101,https://en.wikipedia.org/wiki/Ghulam_Ali_Khan
102,https://en.wikipedia.org/wiki/George_V
103,https://en.wikipedia.org/wiki/Mary_of_Teck
104,https://en.wikipedia.org/wiki/Delhi_Durbar
105,https://en.wikipedia.org/wiki/Red_Fort_Archaeological_Museum
106,https://en.wikipedia.org/wiki/Mumtaz_Mahal_(Red_Fort)
107,https://en.wikipedia.org/wiki/INA_trials
108,https://en.wikipedia.org/wiki/Indian_National_Army
109,https://en.wikipedia.org/wiki/Partition_of_India
110,https://en.wikipedia.org/wiki/Cantonment
111,https://en.wikipedia.org/wiki/Archaeological_Survey_of_India
112,https://en.wikipedia.org/wiki/Supreme_Court_of_India
113,https://en.wikipedia.org/wiki/Ochre_Coloured_Pottery_culture
114,https://en.wikipedia.org/wiki/Indian_500-rupee_note
115,https://en.wikipedia.org/wiki/Mahatma_Gandhi_New_Series
116,https://en.wikipedia.org/wiki/Indian_rupee
117,https://en.wikipedia.org/wiki/Hammam
118,https://en.wikipedia.org/wiki/2000_terrorist_attack_on_Red_Fort
119,https://en.wikipedia.org/wiki/Lashkar-e-Taiba
120,https://en.wikipedia.org/wiki/Dalmia_Group
121,https://en.wikipedia.org/wiki/Ministry_of_Tourism_(India)
122,https://en.wikipedia.org/wiki/Ministry_of_Culture_(India)
123,https://en.wikipedia.org/wiki/Delhi_Police
124,https://en.wikipedia.org/wiki/National_Security_Guard
125,https://en.wikipedia.org/wiki/No-fly_zone
126,https://en.wikipedia.org/wiki/Safe_house
127,https://en.wikipedia.org/wiki/File:Covered_market_past_the_Lahore_gate_entrance_in_Red_Fort.jpg
128,https://en.wikipedia.org/wiki/World_Heritage_Convention
129,https://en.wikipedia.org/wiki/Iranian_architecture
130,https://en.wikipedia.org/wiki/Timurid_architecture
131,https://en.wikipedia.org/wiki/Hindu_architecture
132,https://en.wikipedia.org/wiki/Kohinoor
133,https://en.wikipedia.org/wiki/Lahori_Gate_(Red_Fort)
134,"https://en.wikipedia.org/wiki/File:Red_Fort,_New_Delhi_Inside_Map.jpg"
135,https://en.wikipedia.org/wiki/File:Red_Fort_in_Delhi_03-2016_img1.jpg
136,https://en.wikipedia.org/wiki/Delhi_Gate_(Red_Fort)
137,https://en.wikipedia.org/wiki/Chhatta_Chowk
138,https://en.wikipedia.org/wiki/Naubat_Khana_(Red_Fort)
139,https://en.wikipedia.org/wiki/File:Naubat_Khana_Red_Fort_1857.jpg
140,"https://en.wikipedia.org/wiki/File:20191203_Naubat_Khana,_Red_Fort,_Delhi_0456_6348_DxO.jpg"
141,https://en.wikipedia.org/wiki/Persian_language
142,https://en.wikipedia.org/wiki/Indian_War_Memorial_Museum
143,"https://en.wikipedia.org/wiki/Diwan-i-Aam_(Red_Fort,_Delhi)"
144,"https://en.wikipedia.org/wiki/File:Diwan-i-Aam,_Red_Fort,_Delhi.JPG"
145,https://en.wikipedia.org/wiki/File:Ghulam_Ali_Khan_007.jpg
146,https://en.wikipedia.org/wiki/Diwan-i-Am_(Red_Fort)
147,https://en.wikipedia.org/wiki/Awqaf
148,https://en.wikipedia.org/wiki/Engrailed_(heraldry)
149,https://en.wikipedia.org/wiki/Jharokha
150,https://en.wikipedia.org/wiki/Yamuna
151,https://en.wikipedia.org/wiki/Quran
152,https://en.wikipedia.org/wiki/Latticework
153,https://en.wikipedia.org/wiki/File:Red_Fort_8.JPG
154,https://en.wikipedia.org/wiki/Zenana
155,https://en.wikipedia.org/wiki/Mumtaz_Mahal
156,https://en.wikipedia.org/wiki/Rang_Mahal_(Red_Fort)
157,https://en.wikipedia.org/wiki/Khas_Mahal_(Red_Fort)
158,https://en.wikipedia.org/wiki/Muthamman_Burj_(Red_Fort)
159,https://en.wikipedia.org/wiki/File:Ghulam_Ali_Khan_013.jpg
160,https://en.wikipedia.org/wiki/Fran%C3%A7ois_Bernier
161,https://en.wikipedia.org/wiki/Amir_Khusrow
162,http://asi.nic.in/asi_monu_tktd_delhi_redfort_diwanikhas.asp
163,https://en.wikipedia.org/wiki/File:Red_Fort_courtyard_buildings.jpg
164,https://en.wikipedia.org/wiki/Hammam_(Red_Fort)
165,https://en.wikipedia.org/wiki/File:Hammam_Red_Fort_interior.jpg
166,https://en.wikipedia.org/wiki/File:Red_Fort_Baoli.jpg
167,https://en.wikipedia.org/wiki/Baoli
168,https://en.wikipedia.org/wiki/Indian_National_Army_Trials
169,https://en.wikipedia.org/wiki/Red_Fort_Trials
170,https://en.wikipedia.org/wiki/Shah_Nawaz_Khan_(general)
171,https://en.wikipedia.org/wiki/Prem_Kumar_Sahgal
172,https://en.wikipedia.org/w/index.php
173,https://en.wikipedia.org/wiki/File:Moti_Masjid_in_Red_Fort_Delhi.jpg
174,https://en.wikipedia.org/wiki/Hira_Mahal_(Red_Fort)
175,https://en.wikipedia.org/wiki/File:Fuerte_Rojo-Delhi-India62.JPG
176,https://en.wikipedia.org/wiki/Shahi_Burj_(Red_Fort)
177,https://en.wikipedia.org/wiki/Chhatri
178,https://en.wikipedia.org/wiki/Hayat_Bakhsh_Bagh
179,https://en.wikipedia.org/wiki/File:Fuerte_Rojo-Delhi-India69.JPG
180,https://en.wikipedia.org/wiki/Hayat_Bakhsh_Bagh_(Red_Fort)
181,https://en.wikipedia.org/wiki/Literal_translation
182,https://en.wikipedia.org/wiki/Reservoir
183,https://en.wikipedia.org/wiki/Hindu_calendar
184,https://en.wikipedia.org/wiki/Shraavana
185,https://en.wikipedia.org/wiki/Bhadra_(Hindu_calendar)
186,https://en.wikipedia.org/wiki/Princes%27_quarter_(Red_Fort)
187,https://en.wikipedia.org/wiki/Lahore_Fort
188,https://whc.unesco.org/en/list/231
189,https://en.wikipedia.org/wiki/UNESCO
190,https://web.archive.org/web/20090803141206/http://whc.unesco.org/en/list/231
191,https://web.archive.org/web/20120429191400/http://www.lonelyplanet.com/india/delhi/greater-delhi/activities/historical-heritage-tours/small-group-tour
192,https://en.wikipedia.org/wiki/Lonely_Planet
193,http://www.lonelyplanet.com/india/delhi/greater-delhi/activities/historical-heritage-tours/small-group-tour
194,http://www.shabdkosh.com/translate/%E0%A4%95%E0%A4%BC%E0%A4%BF%E0%A4%B2%E0%A4%BE/%E0%A4%95%E0%A4%BC%E0%A4%BF%E0%A4%B2%E0%A4%BE-meaning-in-Hindi-English
195,https://web.archive.org/web/20131111001929/http://shabdkosh.com/translate/%E0%A4%95%E0%A4%BC%E0%A4%BF%E0%A4%B2%E0%A4%BE/%E0%A4%95%E0%A4%BC%E0%A4%BF%E0%A4%B2%E0%A4%BE-meaning-in-Hindi-English
196,https://en.oxforddictionaries.com/definition/qila
197,https://web.archive.org/web/20180403112535/https://en.oxforddictionaries.com/definition/qila
198,https://books.google.com/books
199,https://en.wikipedia.org/wiki/ISBN_(identifier)
200,https://en.wikipedia.org/wiki/Special:BookSources/978-1-86189-087-0
201,https://web.archive.org/web/20111214091001/http://books.google.com/books
202,https://en.wikipedia.org/wiki/Special:BookSources/978-1-57356-474-8
203,https://web.archive.org/web/20140111082645/http://books.google.com/books
204,https://en.wikipedia.org/wiki/The_Daily_Telegraph
205,https://oxfordindex.oup.com/view/10.1093/oi/authority.20110810104325668
206,https://en.wikipedia.org/wiki/Wikipedia:Link_rot
207,https://www.pbs.org/treasuresoftheworld/taj_mahal/tlevel_2/t3build_design.html
208,https://en.wikipedia.org/wiki/PBS
209,https://web.archive.org/web/20140218114338/http://www.pbs.org/treasuresoftheworld/taj_mahal/tlevel_2/t3build_design.html
210,http://www.delhicapital.com/monuments-in-delhi/lal-qila.html
211,https://web.archive.org/web/20120814043557/http://www.delhicapital.com/monuments-in-delhi/lal-qila.html
212,http://asi.nic.in/ccmp_text_pdf/chapter-03-history.pdf
213,https://web.archive.org/web/20120508111424/http://asi.nic.in/ccmp_text_pdf/chapter-03-history.pdf
214,https://archive.org/details/cu31924006140374
215,https://archive.org/details/in.gov.ignca.22805/page/n38/mode/1up
216,https://en.wikipedia.org/wiki/Special:BookSources/978-81-8409-617-0
217,https://web.archive.org/web/20140111082736/http://books.google.com/books
218,https://www.britannica.com/event/Battle-of-Karnal
219,https://en.wikipedia.org/wiki/Special:BookSources/978-1-932705-54-6
220,https://web.archive.org/web/20140112041547/http://books.google.com/books
221,https://en.wikipedia.org/wiki/Special:BookSources/978-81-7156-928-1
222,https://web.archive.org/web/20140112023157/http://books.google.com/books
223,https://en.wikipedia.org/wiki/Special:BookSources/978-81-78241-09-8
224,https://archive.org/details/historyindia02elphgoog
225,https://archive.org/details/historyindia02elphgoog/page/n318
226,https://en.wikipedia.org/wiki/Special:BookSources/978-81-921080-0-1
227,https://web.archive.org/web/20140112045304/http://books.google.com/books
228,https://en.wikipedia.org/wiki/Oxford_University_Press
229,https://en.wikipedia.org/wiki/Special:BookSources/978-0-19-991629-0
230,https://web.archive.org/web/20130927100932/http://books.google.com/books
231,https://en.wikipedia.org/wiki/Columbia_University_Press
232,https://en.wikipedia.org/wiki/Special:BookSources/978-0-231-12731-8
233,https://web.archive.org/web/20130930000945/http://books.google.com/books
234,https://web.archive.org/web/20120902215305/http://know.burrp.com/my-city/about-red-fort-delhi/11267
235,http://know.burrp.com/my-city/about-red-fort-delhi/11267
236,https://www.livemint.com/Leisure/LQ6ebeBiHz5QhEkdLAsa3K/The-other-red-corridor.html
237,https://en.wikipedia.org/wiki/William_Dalrymple_(historian)
238,https://en.wikipedia.org/wiki/Penguin_Books
239,https://en.wikipedia.org/wiki/Special:BookSources/978-0-14-310243-4
240,https://en.wikipedia.org/wiki/Special:BookSources/978-81-8475-871-9
241,http://www.huffingtonpost.co.uk/2013/02/21/koh-i-noor-diamond-not-returned-india-david-cameron-insists-pictures_n_2732342.html
242,https://en.wikipedia.org/wiki/The_Huffington_Post
243,https://web.archive.org/web/20130819011613/http://www.huffingtonpost.co.uk/2013/02/21/koh-i-noor-diamond-not-returned-india-david-cameron-insists-pictures_n_2732342.html
244,http://www.thehindu.com/news/national/manmohan-first-pm-outside-nehrugandhi-clan-to-hoist-flag-for-10th-time/article5025367.ece
245,https://en.wikipedia.org/wiki/The_Hindu
246,https://web.archive.org/web/20131221090006/http://www.thehindu.com/news/national/manmohan-first-pm-outside-nehrugandhi-clan-to-hoist-flag-for-10th-time/article5025367.ece
247,https://web.archive.org/web/20130930001452/http://books.google.com/books
248,https://web.archive.org/web/20130930000947/http://books.google.com/books
249,http://indiatoday.intoday.in/story/Red+Fort+facelift+to+revive+Mughal+glory+in+10+years/1/44647.html
250,https://web.archive.org/web/20131213113749/http://indiatoday.intoday.in/story/Red+Fort+facelift+to+revive+Mughal+glory+in+10+years/1/44647.html
251,https://web.archive.org/web/20120508111536/http://asi.nic.in/ccmp_text_pdf/chapter-%2010-management%20plan.pdf
252,http://asi.nic.in/ccmp_text_pdf/chapter-%2010-management%20plan.pdf
253,https://web.archive.org/web/20120508112528/http://asi.nic.in/ccmp_text_pdf/chapter-0-exe%20summary.pdf
254,http://asi.nic.in/ccmp_text_pdf/chapter-0-exe%20summary.pdf
255,https://en.wikipedia.org/wiki/Special:BookSources/9788131711200
256,https://en.wikipedia.org/wiki/Baedeker
257,https://en.wikipedia.org/wiki/Special:BookSources/978-3-8297-6622-7
258,https://web.archive.org/web/20130927180628/http://books.google.com/books
259,https://en.wikipedia.org/wiki/Pearson_Education_India
260,https://en.wikipedia.org/wiki/Special:BookSources/978-81-317-3182-6
261,https://web.archive.org/web/20130929010047/http://books.google.com/books
262,https://web.archive.org/web/20121120145541/http://www.atimes.com/atimes/South_Asia/NB23Df01.html
263,https://en.wikipedia.org/wiki/Asia_Times_Online
264,https://en.wikipedia.org/wiki/Template:Cite_news
265,https://en.wikipedia.org/wiki/Category:CS1_maint:_unfit_URL
266,http://www.business-standard.com/generalnews/news/singh-becomes-third-pm-to-hoist-flag-at-red-fort-for-9th-time/44355/
267,https://en.wikipedia.org/wiki/Business_Standard
268,https://rbi.org.in/Scripts/BS_PressReleaseDisplay.aspx
269,https://web.archive.org/web/20161109222836/https://rbi.org.in/Scripts/BS_PressReleaseDisplay.aspx
270,http://in.rediff.com/news/2000/dec/23tara.htm
271,https://web.archive.org/web/20121003070913/http://in.rediff.com/news/2000/dec/23tara.htm
272,http://news.oneindia.in/2012/03/31/red-fort-attack-court-discharges-alleged-let-terrorist.html
273,https://web.archive.org/web/20130513075302/http://news.oneindia.in/2012/03/31/red-fort-attack-court-discharges-alleged-let-terrorist.html
274,https://www.business-standard.com/article/companies/shah-jahan-s-iconic-red-fort-in-delhi-is-now-dalmia-group-s-red-fort-118042700414_1.html
275,https://web.archive.org/web/20190513020218/https://www.business-standard.com/article/companies/shah-jahan-s-iconic-red-fort-in-delhi-is-now-dalmia-group-s-red-fort-118042700414_1.html
276,https://www.thehindu.com/news/national/red-fort-adoption-row-the-long-list-of-monument-mitras/article23729853.ece
277,https://www.bbc.com/news/world-asia-india-43949370
278,https://en.wikipedia.org/wiki/BBC
279,https://web.archive.org/web/20190709150855/https://www.bbc.com/news/world-asia-india-43949370
280,https://www.thehindu.com/news/national/historians-seek-review-of-red-fort-contract/article23752738.ece
281,http://www.dnaindia.com/india/report_security-tightened-across-delhi-on-i-day-eve_1727877
282,https://en.wikipedia.org/wiki/Daily_News_and_Analysis
283,https://web.archive.org/web/20120818022210/http://www.dnaindia.com/india/report_security-tightened-across-delhi-on-i-day-eve_1727877
284,https://web.archive.org/web/20171117002607/http://www.asianage.com/delhi/tight-security-ensures-safe-i-day-celebration-119
285,https://en.wikipedia.org/wiki/The_Asian_Age
286,http://www.asianage.com/delhi/tight-security-ensures-safe-i-day-celebration-119
287,http://www.thehindu.com/news/national/article2359798.ece
288,https://web.archive.org/web/20131230234043/http://www.thehindu.com/news/national/article2359798.ece
289,https://en.wikipedia.org/wiki/Special:BookSources/9780856676543
290,https://web.archive.org/web/20131009062210/http://books.google.com/books
291,https://archive.org/details/encyclopediaofar0000lang
292,https://en.wikipedia.org/wiki/ABC-CLIO
293,https://archive.org/details/encyclopediaofar0000lang/page/178
294,https://en.wikipedia.org/wiki/Special:BookSources/978-1-57607-112-0
295,http://asi.nic.in/asi_monu_tktd_delhi_redfort.asp
296,https://web.archive.org/web/20141224035029/http://asi.nic.in/asi_monu_tktd_delhi_redfort.asp
297,https://en.wikipedia.org/wiki/Asian_Educational_Services
298,https://en.wikipedia.org/wiki/Special:BookSources/978-81-206-1318-8
299,https://web.archive.org/web/20191215123123/https://books.google.com/books
300,http://www.milligazette.com/Archives/2004/01-15Jun04-Print-Edition/011506200496.htm
301,https://web.archive.org/web/20170619160902/http://www.milligazette.com/Archives/2004/01-15Jun04-Print-Edition/011506200496.htm
302,https://web.archive.org/web/20151101031606/http://asi.nic.in/asi_monu_tktd_delhi_redfort_detail.asp
303,http://asi.nic.in/asi_monu_tktd_delhi_redfort_detail.asp
304,https://www.deccanherald.com/content/129444/chatta-chowk-market-all-reasons.html
305,https://web.archive.org/web/20110122080824/http://www.deccanherald.com/content/129444/chatta-chowk-market-all-reasons.html
306,https://indiapicks.com/Heritage/Red_Fort/Red_Fort-Naubat_Khana.htm
307,https://web.archive.org/web/20180311235856/http://indiapicks.com/Heritage/Red_Fort/Red_Fort-Naubat_Khana.htm
308,https://archive.org/stream/handbooktravelle00john
309,https://web.archive.org/web/20131224183054/http://www.archive.org/stream/handbooktravelle00john
310,https://en.wikipedia.org/wiki/University_of_Chicago
311,https://en.wikipedia.org/wiki/Special:BookSources/9780226466972
312,https://archnet.org/sites/5270
313,https://www.lonelyplanet.com/india/delhi/attractions/khas-mahal/a/poi-sig/1337802/356220
314,http://asi.nic.in/asi_monu_tktd_delhi_redfort_muthaburz.asp
315,https://web.archive.org/web/20131124164735/http://asi.nic.in/asi_monu_tktd_delhi_redfort_muthaburz.asp
316,https://www.britannica.com/art/Akbar-period-architecture
317,https://web.archive.org/web/20190704025546/https://www.britannica.com/art/Akbar-period-architecture
318,http://www.liveindia.com/redfort/5.html
319,https://web.archive.org/web/20190930234252/http://www.liveindia.com/redfort/5.html
320,https://archive.org/details/handbooktravelle00john
321,http://agrasenkibaoli.com/red-fort-baoli/
322,https://web.archive.org/web/20160110195809/http://agrasenkibaoli.com/red-fort-baoli/
323,https://en.wikipedia.org/wiki/Special:BookSources/978-81-87780-97-7
324,https://www.culturalindia.net/indian-forts/delhi-fort.html
325,https://web.archive.org/web/20190407125951/https://www.culturalindia.net/indian-forts/delhi-fort.html
326,https://www.lonelyplanet.com/india/delhi/attractions/shahi-burj/a/poi-sig/1337812/356220
327,https://en.wikipedia.org/wiki/Special:BookSources/9781465497246
328,https://web.archive.org/web/20140207091933/http://asi.nic.in/asi_monu_tktd_delhi_redfort_pavilions.asp
329,http://asi.nic.in/asi_monu_tktd_delhi_redfort_pavilions.asp
330,https://timesofindia.indiatimes.com/city/delhi/Restoring-the-lost-glory-of-Red-Fort/articleshow/38398022.cms
331,https://en.wikipedia.org/wiki/Times_of_India
332,https://en.wikipedia.org/wiki/File:Commons-logo.svg
333,https://commons.wikimedia.org/wiki/Category:Red_Fort
334,https://web.archive.org/web/20101121144755/http://delhitourism.nic.in/delhitourism/tourist_place/red_fort.jsp
335,https://www.openstreetmap.org/browse/way/264863907
336,https://en.wikipedia.org/wiki/OpenStreetMap
337,https://en.wikipedia.org/wiki/Template:Delhi_landmarks
338,https://en.wikipedia.org/wiki/Template_talk:Delhi_landmarks
339,https://en.wikipedia.org/wiki/List_of_tourist_attractions_in_Delhi
340,https://en.wikipedia.org/wiki/Agrasen_Ki_Baoli
341,https://en.wikipedia.org/wiki/Barakhamba
342,https://en.wikipedia.org/wiki/Hauz_Khas_Complex
343,https://en.wikipedia.org/wiki/Jahaz_Mahal
344,"https://en.wikipedia.org/wiki/Jantar_Mantar,_New_Delhi"
345,"https://en.wikipedia.org/wiki/Kashmiri_Gate,_Delhi"
346,https://en.wikipedia.org/wiki/Khirki_Mosque
347,https://en.wikipedia.org/wiki/Purana_Qila
348,https://en.wikipedia.org/wiki/Qutb_Minar
349,https://en.wikipedia.org/wiki/Rashtrapati_Bhavan
350,https://en.wikipedia.org/wiki/Parliament_House_(India)
351,"https://en.wikipedia.org/wiki/Secretariat_Building,_New_Delhi"
352,https://en.wikipedia.org/wiki/Tomb_of_Adham_Khan
353,https://en.wikipedia.org/wiki/Humayun%27s_Tomb
354,https://en.wikipedia.org/wiki/Tomb_of_Safdar_Jang
355,https://en.wikipedia.org/wiki/Tughlaqabad_Fort
356,https://en.wikipedia.org/wiki/Zafar_Mahal_(Mehrauli)
357,https://en.wikipedia.org/wiki/Ahinsa_Sthal
358,https://en.wikipedia.org/wiki/Swaminarayan_Akshardham_(New_Delhi)
359,https://en.wikipedia.org/wiki/Cathedral_Church_of_the_Redemption
360,https://en.wikipedia.org/wiki/Chhatarpur_Temple
361,https://en.wikipedia.org/wiki/Fatehpuri_Mosque
362,https://en.wikipedia.org/wiki/Gurudwara_Bangla_Sahib
363,"https://en.wikipedia.org/wiki/Hanuman_Temple,_Connaught_Place"
364,https://en.wikipedia.org/wiki/ISKCON_Temple_Delhi
365,"https://en.wikipedia.org/wiki/Jama_Masjid,_Delhi"
366,https://en.wikipedia.org/wiki/Laxminarayan_Temple
367,https://en.wikipedia.org/wiki/Lotus_Temple
368,https://en.wikipedia.org/wiki/Nizamuddin_Dargah
369,"https://en.wikipedia.org/wiki/Sacred_Heart_Cathedral,_New_Delhi"
370,https://en.wikipedia.org/wiki/Sri_Digambar_Jain_Lal_Mandir
371,https://en.wikipedia.org/wiki/Yogmaya_Temple
372,https://en.wikipedia.org/wiki/India_Gate
373,https://en.wikipedia.org/wiki/National_Police_Memorial_(India)
374,https://en.wikipedia.org/wiki/Raj_Ghat_and_associated_memorials
375,https://en.wikipedia.org/wiki/Wall_of_Truth
376,https://en.wikipedia.org/wiki/National_War_Memorial_(India)
377,"https://en.wikipedia.org/wiki/Connaught_Place,_New_Delhi"
378,https://en.wikipedia.org/wiki/Dilli_Haat
379,https://en.wikipedia.org/wiki/Khari_Baoli
380,https://en.wikipedia.org/wiki/Rajpath
381,https://en.wikipedia.org/wiki/Sunder_Nursery
382,"https://en.wikipedia.org/wiki/Coronation_Park,_Delhi"
383,https://en.wikipedia.org/wiki/Delhi_Ridge
384,https://en.wikipedia.org/wiki/Garden_of_Five_Senses
385,https://en.wikipedia.org/wiki/Lodi_Gardens
386,https://en.wikipedia.org/wiki/Mehrauli_Archaeological_Park
387,https://en.wikipedia.org/wiki/Jamali_Kamali_Mosque_and_Tomb
388,https://en.wikipedia.org/wiki/Tomb_of_Balban
389,https://en.wikipedia.org/wiki/National_Zoological_Park_Delhi
390,https://en.wikipedia.org/wiki/Template:Delhi
391,https://en.wikipedia.org/wiki/Template:Hindu_temples_in_Delhi
392,https://en.wikipedia.org/wiki/Template:Museums_in_Delhi
393,https://en.wikipedia.org/wiki/Template:Neighborhoods_of_Delhi
394,https://en.wikipedia.org/wiki/Template:Power_stations_of_Delhi
395,https://en.wikipedia.org/wiki/Template:Universities_in_Delhi
396,https://en.wikipedia.org/wiki/Template:Forts_in_India
397,https://en.wikipedia.org/wiki/Template_talk:Forts_in_India
398,https://en.wikipedia.org/wiki/List_of_forts_in_India
399,https://en.wikipedia.org/wiki/Vijayanagara
400,https://en.wikipedia.org/wiki/Gingee_Fort
401,https://en.wikipedia.org/wiki/Bangalore_Fort
402,https://en.wikipedia.org/wiki/Udayagiri_Fort
403,https://en.wikipedia.org/wiki/Vellore_Fort
404,https://en.wikipedia.org/wiki/Deccan_sultanates
405,https://en.wikipedia.org/wiki/Ahmednagar_Fort
406,https://en.wikipedia.org/wiki/Daulatabad_Fort
407,https://en.wikipedia.org/wiki/Gawilghur
408,https://en.wikipedia.org/wiki/Golconda_Fort
409,https://en.wikipedia.org/wiki/Narnala
410,https://en.wikipedia.org/wiki/Panhala_Fort
411,https://en.wikipedia.org/wiki/Gujarat_Sultanate
412,https://en.wikipedia.org/wiki/Bhadra_Fort
413,https://en.wikipedia.org/wiki/Delhi_Sultanate
414,https://en.wikipedia.org/wiki/Aligarh_Fort
415,https://en.wikipedia.org/wiki/Bandhavgarh_Fort
416,https://en.wikipedia.org/wiki/Hathras_Fort
417,https://en.wikipedia.org/wiki/Qila_Mubarak
418,https://en.wikipedia.org/wiki/Siri_Fort
419,https://en.wikipedia.org/wiki/Tughlaqabad
420,https://en.wikipedia.org/wiki/Nayak_dynasty
421,https://en.wikipedia.org/wiki/Chitradurga_Fort
422,https://en.wikipedia.org/wiki/Bekal_Fort
423,https://en.wikipedia.org/wiki/Dindigul_Fort
424,https://en.wikipedia.org/wiki/Tiruchirapalli_Rock_Fort
425,"https://en.wikipedia.org/wiki/Chandragiri_Fort,_Kerala"
426,https://en.wikipedia.org/wiki/Hosdurg_Fort
427,https://en.wikipedia.org/wiki/Malwa_Sultanate
428,https://en.wikipedia.org/wiki/Mandsaur_Fort
429,"https://en.wikipedia.org/wiki/Mandu,_Madhya_Pradesh"
430,https://en.wikipedia.org/wiki/Faruqi_dynasty
431,https://en.wikipedia.org/wiki/Asirgarh_Fort
432,https://en.wikipedia.org/wiki/Laling_fort
433,https://en.wikipedia.org/wiki/Thalner
434,https://en.wikipedia.org/wiki/Rajputs
435,https://en.wikipedia.org/wiki/Achalgarh_Fort
436,https://en.wikipedia.org/wiki/Amer_Fort
437,https://en.wikipedia.org/wiki/Bhangarh_Fort
438,https://en.wikipedia.org/wiki/Chittor_Fort
439,https://en.wikipedia.org/wiki/Jaigarh_Fort
440,https://en.wikipedia.org/wiki/Jaisalmer_Fort
441,https://en.wikipedia.org/wiki/Jalore_Fort
442,https://en.wikipedia.org/wiki/Junagarh_Fort
443,https://en.wikipedia.org/wiki/Kankwadi
444,https://en.wikipedia.org/wiki/Kumbhalgarh
445,https://en.wikipedia.org/wiki/Nahargarh_Fort
446,https://en.wikipedia.org/wiki/Qila_Rai_Pithora
447,"https://en.wikipedia.org/wiki/Taragarh_Fort,_Ajmer"
448,https://en.wikipedia.org/wiki/Lal_Kot
449,https://en.wikipedia.org/wiki/Gwalior_Fort
450,https://en.wikipedia.org/wiki/Kalinjar
451,https://en.wikipedia.org/wiki/Mehrangarh
452,https://en.wikipedia.org/wiki/Narwar_Fort
453,https://en.wikipedia.org/wiki/Senapati_fortress
454,https://en.wikipedia.org/wiki/Sabalgarh_Fort
455,https://en.wikipedia.org/wiki/Bahu_Fort
456,https://en.wikipedia.org/wiki/Kangra_Fort
457,https://en.wikipedia.org/wiki/Ranthambore_Fort
458,https://en.wikipedia.org/wiki/Bhatner_fort
459,https://en.wikipedia.org/wiki/Dongri_Fort
460,https://en.wikipedia.org/wiki/Harishchandragad
461,https://en.wikipedia.org/wiki/Kolaba_Fort
462,https://en.wikipedia.org/wiki/Lohagad
463,https://en.wikipedia.org/wiki/Sudhagad
464,https://en.wikipedia.org/wiki/Sinhagad
465,https://en.wikipedia.org/wiki/Tikona
466,https://en.wikipedia.org/wiki/Pratapgad
467,https://en.wikipedia.org/wiki/Vishalgad
468,https://en.wikipedia.org/wiki/Rajgad
469,https://en.wikipedia.org/wiki/Sindhudurg
470,https://en.wikipedia.org/wiki/Vijaydurg_Fort
471,https://en.wikipedia.org/wiki/Shivneri
472,https://en.wikipedia.org/wiki/Raigad_fort
473,https://en.wikipedia.org/wiki/Gajendragarh
474,https://en.wikipedia.org/wiki/Shaniwar_Wada
475,https://en.wikipedia.org/wiki/Jhansi_Fort
476,"https://en.wikipedia.org/wiki/Manora_Fort,_Thanjavur"
477,https://en.wikipedia.org/wiki/Visapur_Fort
478,https://en.wikipedia.org/wiki/Sadashivgad
479,https://en.wikipedia.org/wiki/Chanderi_Fort
480,https://en.wikipedia.org/wiki/Allahabad_Fort
481,https://en.wikipedia.org/wiki/Fatehpur_Sikri
482,https://en.wikipedia.org/wiki/Akola_Fort
483,https://en.wikipedia.org/wiki/Hari_Parbat
484,https://en.wikipedia.org/wiki/Ramnagar_Fort
485,https://en.wikipedia.org/wiki/Bawana_Fortress_of_Jat_Zail
486,https://en.wikipedia.org/wiki/Gohad_Fort
487,https://en.wikipedia.org/wiki/Nahar_Singh_Mahal
488,https://en.wikipedia.org/wiki/Kingdom_of_Mysore
489,https://en.wikipedia.org/wiki/Devanahalli_Fort
490,https://en.wikipedia.org/wiki/Palakkad_Fort
491,https://en.wikipedia.org/wiki/Sankagiri_Fort
492,https://en.wikipedia.org/wiki/Siddi
493,https://en.wikipedia.org/wiki/Murud-Janjira
494,https://en.wikipedia.org/wiki/Belapur_Fort
495,https://en.wikipedia.org/wiki/Underi
496,https://en.wikipedia.org/wiki/Travancore
497,https://en.wikipedia.org/wiki/Vattakottai_Fort
498,https://en.wikipedia.org/wiki/East_Fort
499,https://en.wikipedia.org/wiki/Portuguese_India
500,https://en.wikipedia.org/wiki/Bassein_Fort
501,https://en.wikipedia.org/wiki/Bombay_Castle
502,https://en.wikipedia.org/wiki/Mahim_Fort
503,https://en.wikipedia.org/wiki/Fort_Arnala
504,https://en.wikipedia.org/wiki/Castella_de_Aguada
505,https://en.wikipedia.org/wiki/Diu_Fort
506,https://en.wikipedia.org/wiki/Surat_Castle
507,https://en.wikipedia.org/wiki/Fort_St._Anthony_of_Simbor
508,https://en.wikipedia.org/wiki/Fort_Emmanuel
509,https://en.wikipedia.org/wiki/Fort_Anjediva
510,https://en.wikipedia.org/wiki/Korlai_Fort
511,https://en.wikipedia.org/wiki/Madh_Fort
512,https://en.wikipedia.org/wiki/St_Thomas_Fort
513,https://en.wikipedia.org/wiki/St._Angelo_Fort
514,https://en.wikipedia.org/wiki/Pallipuram_Fort
515,https://en.wikipedia.org/wiki/Fort_Aguada
516,https://en.wikipedia.org/wiki/Fort_Tiracol
517,https://en.wikipedia.org/wiki/Cranganore_Fort
518,https://en.wikipedia.org/wiki/Ghodbunder_Fort
519,https://en.wikipedia.org/wiki/Revdanda_fort
520,https://en.wikipedia.org/wiki/Ponda_Fort
521,https://en.wikipedia.org/wiki/Chapora_Fort
522,https://en.wikipedia.org/wiki/Colvale_Fort_(Goa)
523,https://en.wikipedia.org/wiki/Cabo_de_Rama
524,https://en.wikipedia.org/wiki/Corjuem_Fort
525,https://en.wikipedia.org/wiki/Mormug%C3%A3o_fort
526,https://en.wikipedia.org/wiki/Rachol_Fort
527,https://en.wikipedia.org/wiki/Fort_of_S%C3%A3o_Tiago_of_Banastarim
528,https://en.wikipedia.org/wiki/Sikh_Empire
529,https://en.wikipedia.org/wiki/Jamrud_Fort
530,https://en.wikipedia.org/wiki/Kamlah_Fort
531,https://en.wikipedia.org/wiki/Multan_Fort
532,https://en.wikipedia.org/wiki/Harkishangarh
533,https://en.wikipedia.org/wiki/Anchuthengu_Fort
534,https://en.wikipedia.org/wiki/Fort_St._George_(India)
535,https://en.wikipedia.org/wiki/Fort_William_(India)
536,https://en.wikipedia.org/wiki/Bombay_Fort
537,https://en.wikipedia.org/wiki/Riwa_Fort
538,https://en.wikipedia.org/wiki/Worli_Fort
539,https://en.wikipedia.org/wiki/Mazagon_Fort
540,https://en.wikipedia.org/wiki/Sion_Hillock_Fort
541,https://en.wikipedia.org/wiki/Sewri_Fort
542,https://en.wikipedia.org/wiki/Tellicherry_Fort
543,https://en.wikipedia.org/wiki/Fort_St._David
544,https://en.wikipedia.org/wiki/Sur_Empire
545,https://en.wikipedia.org/wiki/Chunar_Fort
546,https://en.wikipedia.org/wiki/Rohtasgarh
547,https://en.wikipedia.org/wiki/Munger_Fort
548,https://en.wikipedia.org/wiki/Eastern_Ganga_dynasty
549,https://en.wikipedia.org/wiki/Barabati_fort
550,https://en.wikipedia.org/wiki/Raibania_fort
551,https://en.wikipedia.org/wiki/Ahom_dynasty
552,https://en.wikipedia.org/wiki/Talatal_Ghar
553,https://en.wikipedia.org/wiki/Kareng_Ghar
554,https://en.wikipedia.org/wiki/Rang_Ghar
555,https://en.wikipedia.org/wiki/Garchuk_Lachit_Garh
556,https://en.wikipedia.org/wiki/Kakatiya_dynasty
557,https://en.wikipedia.org/wiki/Warangal_Fort
558,https://en.wikipedia.org/wiki/Bahmani_Sultanate
559,https://en.wikipedia.org/wiki/Bidar_Fort
560,https://en.wikipedia.org/wiki/Gulbarga_Fort
561,https://en.wikipedia.org/wiki/Template:World_Heritage_Sites_in_India
562,https://en.wikipedia.org/wiki/Template_talk:World_Heritage_Sites_in_India
563,https://en.wikipedia.org/wiki/List_of_World_Heritage_Sites_in_India
564,https://en.wikipedia.org/wiki/North_India
565,https://en.wikipedia.org/wiki/The_Architectural_Work_of_Le_Corbusier
566,https://en.wikipedia.org/wiki/Chandigarh_Capitol_Complex
567,https://en.wikipedia.org/wiki/Great_Himalayan_National_Park
568,https://en.wikipedia.org/wiki/Keoladeo_National_Park
569,https://en.wikipedia.org/wiki/Kalka%E2%80%93Shimla_railway
570,https://en.wikipedia.org/wiki/Nanda_Devi_and_Valley_of_Flowers_National_Parks
571,https://en.wikipedia.org/wiki/Qutb_complex
572,https://en.wikipedia.org/wiki/File:Flag_of_India.svg
573,https://en.wikipedia.org/wiki/East_India
574,https://en.wikipedia.org/wiki/Darjeeling_Himalayan_Railway
575,https://en.wikipedia.org/wiki/Mahabodhi_Temple
576,https://en.wikipedia.org/wiki/Nalanda
577,https://en.wikipedia.org/wiki/Konark_Sun_Temple
578,https://en.wikipedia.org/wiki/Sundarbans_National_Park
579,https://en.wikipedia.org/wiki/Northeast_India
580,https://en.wikipedia.org/wiki/Kaziranga_National_Park
581,https://en.wikipedia.org/wiki/Manas_National_Park
582,https://en.wikipedia.org/wiki/Khangchendzonga_National_Park
583,https://en.wikipedia.org/wiki/South_India
584,https://en.wikipedia.org/wiki/Great_Living_Chola_Temples
585,https://en.wikipedia.org/wiki/Hampi
586,https://en.wikipedia.org/wiki/Group_of_Monuments_at_Mahabalipuram
587,https://en.wikipedia.org/wiki/Pattadakal
588,https://en.wikipedia.org/wiki/Nilgiri_Mountain_Railway
589,https://en.wikipedia.org/wiki/Ramappa_Temple
590,https://en.wikipedia.org/wiki/Western_Ghats
591,https://en.wikipedia.org/wiki/Central_India
592,https://en.wikipedia.org/wiki/Bhimbetka_rock_shelters
593,https://en.wikipedia.org/wiki/Khajuraho_Group_of_Monuments
594,https://en.wikipedia.org/wiki/Sanchi
595,https://en.wikipedia.org/wiki/West_India
596,https://en.wikipedia.org/wiki/Historic_City_of_Ahmadabad
597,https://en.wikipedia.org/wiki/Ajanta_Caves
598,https://en.wikipedia.org/wiki/Champaner-Pavagadh_Archaeological_Park
599,https://en.wikipedia.org/wiki/Chhatrapati_Shivaji_Terminus
600,https://en.wikipedia.org/wiki/Churches_and_convents_of_Goa
601,https://en.wikipedia.org/wiki/Dholavira
602,https://en.wikipedia.org/wiki/Elephanta_Caves
603,https://en.wikipedia.org/wiki/Ellora_Caves
604,https://en.wikipedia.org/wiki/Hill_Forts_of_Rajasthan
605,https://en.wikipedia.org/wiki/Gagron_Fort
606,https://en.wikipedia.org/wiki/Jaipur
607,https://en.wikipedia.org/wiki/Jantar_Mantar_(Jaipur)
608,https://en.wikipedia.org/wiki/Rani_ki_vav
609,https://en.wikipedia.org/wiki/The_Victorian_and_Art_Deco_Ensemble_of_Mumbai
610,https://en.wikipedia.org/wiki/National_Geological_Monuments_of_India
611,https://en.wikipedia.org/wiki/Monuments_of_National_Importance_of_India
612,https://en.wikipedia.org/wiki/List_of_national_parks_of_India
613,https://en.wikipedia.org/wiki/Culture_of_India
614,https://en.wikipedia.org/wiki/History_of_India
615,https://en.wikipedia.org/wiki/Tourism_in_India
616,https://en.wikipedia.org/wiki/Template:Mughal_Empire
617,https://en.wikipedia.org/wiki/Template_talk:Mughal_Empire
618,https://en.wikipedia.org/wiki/Babur
619,https://en.wikipedia.org/wiki/Humayun
620,https://en.wikipedia.org/wiki/Akbar
621,https://en.wikipedia.org/wiki/Jahangir
622,https://en.wikipedia.org/wiki/Shahryar_Mirza
623,https://en.wikipedia.org/wiki/Muhammad_Azam_Shah
624,https://en.wikipedia.org/wiki/Bahadur_Shah_I
625,https://en.wikipedia.org/wiki/Rafi_ud-Darajat
626,https://en.wikipedia.org/wiki/Shah_Jahan_II
627,https://en.wikipedia.org/wiki/Muhammad_Shah
628,https://en.wikipedia.org/wiki/Ahmad_Shah_Bahadur
629,https://en.wikipedia.org/wiki/Alamgir_II
630,https://en.wikipedia.org/wiki/Shah_Jahan_III
631,https://en.wikipedia.org/wiki/Mahmud_Shah_Bahadur
632,https://en.wikipedia.org/wiki/Akbar_II
633,https://en.wikipedia.org/wiki/Bahadur_Shah_Zafar
634,https://en.wikipedia.org/wiki/Category:Battles_involving_the_Mughal_Empire
635,https://en.wikipedia.org/wiki/First_Battle_of_Panipat
636,https://en.wikipedia.org/wiki/Mughal-Rajput_Wars
637,https://en.wikipedia.org/wiki/Battle_of_Khanwa
638,https://en.wikipedia.org/wiki/Battle_of_Chanderi
639,https://en.wikipedia.org/wiki/Battle_of_Ghaghra
640,https://en.wikipedia.org/wiki/Siege_of_Sambhal
641,https://en.wikipedia.org/wiki/Battle_of_Chausa
642,https://en.wikipedia.org/wiki/Battle_of_Sirhind_(1555)
643,https://en.wikipedia.org/wiki/Second_Battle_of_Panipat
644,https://en.wikipedia.org/wiki/Mughal_conquest_of_Malwa
645,https://en.wikipedia.org/wiki/Battle_of_Thanesar
646,https://en.wikipedia.org/wiki/Akbar%27s_conquest_of_Gujarat
647,https://en.wikipedia.org/wiki/Siege_of_Chittorgarh_(1567%E2%80%931568)
648,https://en.wikipedia.org/wiki/Siege_of_Ranthambore_(1568)
649,https://en.wikipedia.org/wiki/Battle_of_Tukaroi
650,https://en.wikipedia.org/wiki/Battle_of_Raj_Mahal
651,https://en.wikipedia.org/wiki/Battle_of_Haldighati
652,https://en.wikipedia.org/wiki/Battle_of_Bhuchar_Mori
653,https://en.wikipedia.org/wiki/Siege_of_Kandahar_(1605%E2%80%9306)
654,https://en.wikipedia.org/wiki/Mughal%E2%80%93Safavid_War_(1622%E2%80%931623)
655,https://en.wikipedia.org/wiki/Mughal%E2%80%93Safavid_War_(1649%E2%80%931653)
656,https://en.wikipedia.org/wiki/Battle_of_Samugarh
657,https://en.wikipedia.org/wiki/Battle_of_Khajwa
658,https://en.wikipedia.org/wiki/Gokula
659,https://en.wikipedia.org/wiki/Ahom%E2%80%93Mughal_conflicts
660,https://en.wikipedia.org/wiki/Siege_of_Purandhar
661,https://en.wikipedia.org/wiki/Tibet%E2%80%93Ladakh%E2%80%93Mughal_War
662,https://en.wikipedia.org/wiki/Mughal%E2%80%93Maratha_Wars
663,https://en.wikipedia.org/wiki/Siege_of_Bijapur
664,https://en.wikipedia.org/wiki/Siege_of_Jinji
665,https://en.wikipedia.org/wiki/Child%27s_War
666,https://en.wikipedia.org/wiki/Siege_of_Golconda
667,https://en.wikipedia.org/wiki/Battle_of_Karnal
668,https://en.wikipedia.org/wiki/Third_Battle_of_Panipat
669,https://en.wikipedia.org/wiki/Battle_of_Buxar
670,https://en.wikipedia.org/wiki/Carnatic_Wars
671,https://en.wikipedia.org/wiki/Bengal_War
672,https://en.wikipedia.org/wiki/Battle_of_Plassey
673,https://en.wikipedia.org/wiki/Siege_of_Delhi
674,https://en.wikipedia.org/wiki/Gardens_of_Babur
675,https://en.wikipedia.org/wiki/Tomb_of_Salim_Chishti
676,"https://en.wikipedia.org/wiki/Jahangir_Mahal,_Orchha"
677,https://en.wikipedia.org/wiki/Lalbagh_Fort
678,https://en.wikipedia.org/wiki/Tomb_of_Akbar_the_Great
679,https://en.wikipedia.org/wiki/Chawk_Mosque
680,"https://en.wikipedia.org/wiki/Shalimar_Gardens,_Lahore"
681,https://en.wikipedia.org/wiki/Achabal_Gardens
682,https://en.wikipedia.org/wiki/Tomb_of_Jahangir
683,https://en.wikipedia.org/wiki/Bibi_Ka_Maqbara
684,https://en.wikipedia.org/wiki/Badshahi_Mosque
685,"https://en.wikipedia.org/wiki/Shahi_Bridge,_Jaunpur"
686,"https://en.wikipedia.org/wiki/Shah_Jahan_Mosque,_Thatta"
687,https://en.wikipedia.org/wiki/Sheesh_Mahal_(Lahore_Fort)
688,"https://en.wikipedia.org/wiki/Sunehri_Masjid,_Lahore"
689,https://en.wikipedia.org/wiki/Tipu_Sultan_Mosque
690,https://en.wikipedia.org/wiki/Wazir_Khan_Mosque
691,https://en.wikipedia.org/wiki/Category:Mughal_architecture
692,https://en.wikipedia.org/wiki/Baro-Bhuyan
693,https://en.wikipedia.org/wiki/Isa_Khan
694,https://en.wikipedia.org/wiki/Khwaja_Usman
695,https://en.wikipedia.org/wiki/Bayazid_of_Sylhet
696,https://en.wikipedia.org/wiki/Musa_Khan_(Bengal)
697,https://en.wikipedia.org/wiki/Pratapaditya
698,https://en.wikipedia.org/wiki/Ibrahim_Lodi
699,https://en.wikipedia.org/wiki/Rana_Sanga
700,https://en.wikipedia.org/wiki/Sher_Shah_Suri
701,https://en.wikipedia.org/wiki/Hemu
702,https://en.wikipedia.org/wiki/Maharana_Pratap
703,https://en.wikipedia.org/wiki/Malik_Ambar
704,https://en.wikipedia.org/wiki/Shivaji
705,https://en.wikipedia.org/wiki/Lachit_Borphukan
706,https://en.wikipedia.org/wiki/Khushal_Khattak
707,"https://en.wikipedia.org/wiki/Sir_John_Child,_1st_Baronet"
708,https://en.wikipedia.org/wiki/Guru_Gobind_Singh
709,https://en.wikipedia.org/wiki/Henry_Every
710,https://en.wikipedia.org/wiki/Bajirao_I
711,https://en.wikipedia.org/wiki/Nader_Shah
712,"https://en.wikipedia.org/wiki/Hector_Munro,_8th_laird_of_Novar"
713,https://en.wikipedia.org/wiki/Subah
714,https://en.wikipedia.org/wiki/Bengal_Subah
715,https://en.wikipedia.org/wiki/Gujarat_Subah
716,https://en.wikipedia.org/wiki/Awadh_Subah
717,https://en.wikipedia.org/wiki/Delhi_Subah
718,https://en.wikipedia.org/wiki/Agra_Subah
719,https://en.wikipedia.org/wiki/Lahore_Subah
720,https://en.wikipedia.org/wiki/Islamic_art
721,https://en.wikipedia.org/wiki/Mughlai_cuisine
722,https://en.wikipedia.org/wiki/Indo-Persian_culture
723,https://en.wikipedia.org/wiki/Flag_of_the_Mughal_Empire
724,https://en.wikipedia.org/wiki/Mughal_clothing
725,https://en.wikipedia.org/wiki/Mughal_gardens
726,https://en.wikipedia.org/wiki/Persian_language_in_South_Asia
727,https://en.wikipedia.org/wiki/Army_of_the_Mughal_Empire
728,https://en.wikipedia.org/wiki/Gunpowder_Empires
729,https://en.wikipedia.org/wiki/Mughal_painting
730,https://en.wikipedia.org/wiki/Persians_in_the_Mughal_Empire
731,https://en.wikipedia.org/wiki/Mughal_tribe
732,https://en.wikipedia.org/wiki/Mughal_weapons
733,https://en.wikipedia.org/wiki/Timurid_dynasty
734,https://en.wikipedia.org/wiki/Timurid_family_tree
735,https://en.wikipedia.org/wiki/Rajputana
736,https://en.wikipedia.org/wiki/Nawabs_of_Bengal_and_Murshidabad
737,https://en.wikipedia.org/wiki/Nawab_of_Awadh
738,https://en.wikipedia.org/wiki/Hyderabad_State
739,https://en.wikipedia.org/wiki/Carnatic_state
740,https://en.wikipedia.org/wiki/Rohilkhand
741,https://en.wikipedia.org/wiki/Wikipedia:Contents/Portals
742,https://en.wikipedia.org/wiki/Portal:India
743,https://en.wikipedia.org/wiki/File:Crown_of_Saint_Edward_Heraldry.svg
744,https://en.wikipedia.org/wiki/Portal:Monarchy
745,https://en.wikipedia.org/wiki/File:P_history.svg
746,https://en.wikipedia.org/wiki/Portal:History
747,https://en.wikipedia.org/wiki/File:P_parthenon.svg
748,https://en.wikipedia.org/wiki/Portal:Architecture
749,https://en.wikipedia.org/wiki/Help:Authority_control
750,https://www.wikidata.org/wiki/Q45957
751,https://en.wikipedia.org/wiki/VIAF_(identifier)
752,https://viaf.org/viaf/315161117
753,https://www.worldcat.org/identities/viaf-315161117/
754,https://en.wikipedia.org/wiki/Help:Category
755,https://en.wikipedia.org/wiki/Category:Red_Fort
756,https://en.wikipedia.org/wiki/Category:Archaeological_monuments_in_Delhi
757,https://en.wikipedia.org/wiki/Category:Buildings_and_structures_completed_in_1648
758,https://en.wikipedia.org/wiki/Category:Forts_in_Delhi
759,https://en.wikipedia.org/wiki/Category:Indian_Army_bases
760,https://en.wikipedia.org/wiki/Category:Indian_National_Army_trials
761,https://en.wikipedia.org/wiki/Category:17th-century_fortifications
762,https://en.wikipedia.org/wiki/Category:Monuments_and_memorials_in_Delhi
763,https://en.wikipedia.org/wiki/Category:Mughal_fortress_gardens_in_India
764,https://en.wikipedia.org/wiki/Category:Persian_gardens_in_India
765,https://en.wikipedia.org/wiki/Category:Palaces_in_Delhi
766,https://en.wikipedia.org/wiki/Category:Royal_residences_in_India
767,https://en.wikipedia.org/wiki/Category:World_Heritage_Sites_in_India
768,https://en.wikipedia.org/wiki/Category:1648_establishments_in_India
769,https://en.wikipedia.org/wiki/Category:All_articles_with_dead_external_links
770,https://en.wikipedia.org/wiki/Category:Articles_with_dead_external_links_from_August_2020
771,https://en.wikipedia.org/wiki/Category:CS1:_Julian%E2%80%93Gregorian_uncertainty
772,https://en.wikipedia.org/wiki/Category:Wikipedia_semi-protected_pages
773,https://en.wikipedia.org/wiki/Category:Articles_with_short_description
774,https://en.wikipedia.org/wiki/Category:Short_description_is_different_from_Wikidata
775,https://en.wikipedia.org/wiki/Category:Use_dmy_dates_from_January_2021
776,https://en.wikipedia.org/wiki/Category:EngvarB_from_September_2019
777,https://en.wikipedia.org/wiki/Category:Coordinates_on_Wikidata
778,https://en.wikipedia.org/wiki/Category:Articles_containing_Hindi-language_text
779,https://en.wikipedia.org/wiki/Category:Articles_containing_Urdu-language_text
780,https://en.wikipedia.org/wiki/Category:All_articles_with_unsourced_statements
781,https://en.wikipedia.org/wiki/Category:Articles_with_unsourced_statements_from_June_2021
782,https://en.wikipedia.org/wiki/Category:Articles_containing_Persian-language_text
783,https://en.wikipedia.org/wiki/Category:Commons_category_link_from_Wikidata
784,https://en.wikipedia.org/wiki/Category:Articles_with_VIAF_identifiers
785,https://en.wikipedia.org/wiki/Category:Articles_with_WORLDCATID_identifiers
786,https://en.wikipedia.org/wiki/Special:MyTalk
787,https://en.wikipedia.org/wiki/Special:MyContributions
788,https://en.wikipedia.org/wiki/Talk:Red_Fort
789,https://en.wikipedia.org/wiki/Main_Page
790,https://en.wikipedia.org/wiki/Wikipedia:Contents
791,https://en.wikipedia.org/wiki/Portal:Current_events
792,https://en.wikipedia.org/wiki/Special:Random
793,https://en.wikipedia.org/wiki/Wikipedia:About
794,https://en.wikipedia.org/wiki/Wikipedia:Contact_us
795,https://donate.wikimedia.org/wiki/Special:FundraiserRedirector
796,https://en.wikipedia.org/wiki/Help:Contents
797,https://en.wikipedia.org/wiki/Help:Introduction
798,https://en.wikipedia.org/wiki/Wikipedia:Community_portal
799,https://en.wikipedia.org/wiki/Special:RecentChanges
800,https://en.wikipedia.org/wiki/Wikipedia:File_Upload_Wizard
801,https://en.wikipedia.org/wiki/Special:WhatLinksHere/Red_Fort
802,https://en.wikipedia.org/wiki/Special:RecentChangesLinked/Red_Fort
803,https://en.wikipedia.org/wiki/Special:SpecialPages
804,https://www.wikidata.org/wiki/Special:EntityPage/Q45957
805,https://commons.wikimedia.org/wiki/%E0%A4%B2%E0%A4%BE%E0%A4%B2_%E0%A4%95%E0%A4%BF%E0%A4%B2%E0%A4%BE_/_%D9%84%D8%A7%D9%84_%D9%82%D9%84%D8%B9%DB%81_/_Red_Fort
806,https://ar.wikipedia.org/wiki/%D8%A7%D9%84%D8%AD%D8%B5%D9%86_%D8%A7%D9%84%D8%A3%D8%AD%D9%85%D8%B1
807,https://as.wikipedia.org/wiki/%E0%A6%B2%E0%A6%BE%E0%A6%B2%E0%A6%95%E0%A6%BF%E0%A6%B2%E0%A7%8D%E0%A6%B2%E0%A6%BE
808,https://ast.wikipedia.org/wiki/Fuerte_color%C3%A1u_de_Delhi
809,https://az.wikipedia.org/wiki/Q%C4%B1rm%C4%B1z%C4%B1_Qala_(Hindistan)
810,https://bn.wikipedia.org/wiki/%E0%A6%B2%E0%A6%BE%E0%A6%B2%E0%A6%95%E0%A7%87%E0%A6%B2%E0%A7%8D%E0%A6%B2%E0%A6%BE
811,https://ba.wikipedia.org/wiki/%D2%A0%D1%8B%D2%99%D1%8B%D0%BB_%D1%84%D0%BE%D1%80%D1%82_(%D0%94%D0%B5%D0%BB%D0%B8)
812,https://be.wikipedia.org/wiki/%D0%A7%D1%8B%D1%80%D0%B2%D0%BE%D0%BD%D0%B0%D1%8F_%D0%BA%D1%80%D1%8D%D0%BF%D0%B0%D1%81%D1%86%D1%8C_%D1%83_%D0%94%D1%8D%D0%BB%D1%96
813,https://bh.wikipedia.org/wiki/%E0%A4%B2%E0%A4%BE%E0%A4%B2_%E0%A4%95%E0%A4%BF%E0%A4%B2%E0%A4%BE
814,https://bg.wikipedia.org/wiki/%D0%A7%D0%B5%D1%80%D0%B2%D0%B5%D0%BD_%D1%84%D0%BE%D1%80%D1%82
815,https://br.wikipedia.org/wiki/Kre%C3%B1vlec%27h_ruz_Delhi
816,https://ca.wikipedia.org/wiki/Fort_Vermell
817,https://cs.wikipedia.org/wiki/%C4%8Cerven%C3%A1_pevnost
818,https://de.wikipedia.org/wiki/Rotes_Fort_(Delhi)
819,https://dv.wikipedia.org/wiki/%DE%83%DE%AC%DE%91%DE%B0_%DE%8A%DE%AF%DE%83%DE%93%DE%B0
820,https://el.wikipedia.org/wiki/%CE%9A%CF%8C%CE%BA%CE%BA%CE%B9%CE%BD%CE%BF_%CE%9F%CF%87%CF%85%CF%81%CF%8C
821,https://es.wikipedia.org/wiki/Fuerte_rojo_de_Delhi
822,https://eo.wikipedia.org/wiki/Ru%C4%9Da_Fortika%C4%B5o
823,https://eu.wikipedia.org/wiki/Gotorleku_Gorria
824,https://fa.wikipedia.org/wiki/%D9%84%D8%A7%D9%84_%D9%82%D9%84%D8%B9%D9%87_(%D8%AF%D9%87%D9%84%DB%8C)
825,https://fr.wikipedia.org/wiki/Fort_Rouge_(Delhi)
826,https://gu.wikipedia.org/wiki/%E0%AA%B2%E0%AA%BE%E0%AA%B2_%E0%AA%95%E0%AA%BF%E0%AA%B2%E0%AB%8D%E0%AA%B2%E0%AB%8B
827,https://ko.wikipedia.org/wiki/%EB%B6%89%EC%9D%80_%EC%9A%94%EC%83%88
828,https://hi.wikipedia.org/wiki/%E0%A4%B2%E0%A4%BE%E0%A4%B2_%E0%A4%95%E0%A4%BC%E0%A4%BF%E0%A4%B2%E0%A4%BE
829,https://hr.wikipedia.org/wiki/Crvena_utvrda
830,https://id.wikipedia.org/wiki/Benteng_Merah
831,https://it.wikipedia.org/wiki/Forte_rosso
832,https://he.wikipedia.org/wiki/%D7%94%D7%9E%D7%A6%D7%95%D7%93%D7%94_%D7%94%D7%90%D7%93%D7%95%D7%9E%D7%94_%D7%91%D7%93%D7%9C%D7%94%D7%99
833,https://ka.wikipedia.org/wiki/%E1%83%AC%E1%83%98%E1%83%97%E1%83%94%E1%83%9A%E1%83%98_%E1%83%A4%E1%83%9D%E1%83%A0%E1%83%A2%E1%83%98_(%E1%83%93%E1%83%94%E1%83%9A%E1%83%98)
834,https://lv.wikipedia.org/wiki/Sarkanais_forts
835,https://lt.wikipedia.org/wiki/Raudonasis_fortas
836,https://hu.wikipedia.org/wiki/V%C3%B6r%C3%B6s_Er%C5%91d_(Delhi)
837,https://mai.wikipedia.org/wiki/%E0%A4%B2%E0%A4%BE%E0%A4%B2_%E0%A4%95%E0%A4%BF%E0%A4%B2%E0%A4%BE
838,https://ml.wikipedia.org/wiki/%E0%B4%9A%E0%B5%86%E0%B4%99%E0%B5%8D%E0%B4%95%E0%B5%8B%E0%B4%9F%E0%B5%8D%E0%B4%9F
839,https://mr.wikipedia.org/wiki/%E0%A4%B2%E0%A4%BE%E0%A4%B2_%E0%A4%95%E0%A4%BF%E0%A4%B2%E0%A5%8D%E0%A4%B2%E0%A4%BE
840,https://arz.wikipedia.org/wiki/%D9%82%D9%84%D8%B9%D8%A9_%D9%84%D8%A7%D9%84
841,https://ms.wikipedia.org/wiki/Kubu_Merah
842,https://my.wikipedia.org/wiki/%E1%80%81%E1%80%B6%E1%80%90%E1%80%95%E1%80%BA%E1%80%94%E1%80%AE
843,https://nl.wikipedia.org/wiki/Rode_Fort_(Delhi)
844,https://ne.wikipedia.org/wiki/%E0%A4%B2%E0%A4%BE%E0%A4%B2_%E0%A4%95%E0%A4%BF%E0%A4%B2%E0%A5%8D%E0%A4%B2%E0%A4%BE_%E0%A4%AA%E0%A4%B0%E0%A4%BF%E0%A4%B8%E0%A4%B0
845,https://ja.wikipedia.org/wiki/%E8%B5%A4%E3%81%84%E5%9F%8E
846,https://no.wikipedia.org/wiki/Det_r%C3%B8de_fortet
847,https://oc.wikipedia.org/wiki/F%C3%B2rt_Roge
848,https://or.wikipedia.org/wiki/%E0%AC%B2%E0%AC%BE%E0%AC%B2_%E0%AC%95%E0%AC%BF%E0%AC%B2%E0%AD%8D%E0%AC%B2%E0%AC%BE
849,https://pa.wikipedia.org/wiki/%E0%A8%B2%E0%A8%BE%E0%A8%B2_%E0%A8%95%E0%A8%BF%E0%A8%B2%E0%A8%BE
850,https://pnb.wikipedia.org/wiki/%D9%84%D8%A7%D9%84_%D9%82%D9%84%D8%B9%DB%81
851,https://pl.wikipedia.org/wiki/Czerwony_Fort
852,https://pt.wikipedia.org/wiki/Forte_Vermelho
853,https://ru.wikipedia.org/wiki/%D0%9B%D0%B0%D0%BB-%D0%9A%D0%B8%D0%BB%D0%B0
854,https://sa.wikipedia.org/wiki/%E0%A4%B0%E0%A4%95%E0%A5%8D%E0%A4%A4%E0%A4%A6%E0%A5%81%E0%A4%B0%E0%A5%8D%E0%A4%97%E0%A4%AE%E0%A5%8D
855,https://simple.wikipedia.org/wiki/Red_Fort
856,https://sk.wikipedia.org/wiki/%C4%8Cerven%C3%A1_pevnos%C5%A5_(Dill%C3%AD)
857,https://sr.wikipedia.org/wiki/Crveno_utvr%C4%91enje
858,https://sh.wikipedia.org/wiki/Crvena_pala%C4%8Da
859,https://fi.wikipedia.org/wiki/Punainen_linnoitus
860,https://sv.wikipedia.org/wiki/R%C3%B6da_fortet_i_Delhi
861,https://tl.wikipedia.org/wiki/Pulang_Kuta
862,https://ta.wikipedia.org/wiki/%E0%AE%9A%E0%AF%86%E0%AE%99%E0%AF%8D%E0%AE%95%E0%AF%8B%E0%AE%9F%E0%AF%8D%E0%AE%9F%E0%AF%88
863,https://te.wikipedia.org/wiki/%E0%B0%8E%E0%B0%B1%E0%B1%8D%E0%B0%B1%E0%B0%95%E0%B1%8B%E0%B0%9F
864,https://th.wikipedia.org/wiki/%E0%B8%9B%E0%B9%89%E0%B8%AD%E0%B8%A1%E0%B9%81%E0%B8%94%E0%B8%87
865,https://tr.wikipedia.org/wiki/K%C4%B1z%C4%B1l_Kale
866,https://uk.wikipedia.org/wiki/%D0%A7%D0%B5%D1%80%D0%B2%D0%BE%D0%BD%D0%B8%D0%B9_%D1%84%D0%BE%D1%80%D1%82_(%D0%94%D0%B5%D0%BB%D1%96)
867,https://ur.wikipedia.org/wiki/%D9%84%D8%A7%D9%84_%D9%82%D9%84%D8%B9%DB%81
868,https://vi.wikipedia.org/wiki/Ph%C3%A1o_%C4%91%C3%A0i_%C4%90%E1%BB%8F
869,https://war.wikipedia.org/wiki/Pula_nga_kuta
870,https://wuu.wikipedia.org/wiki/%E5%BE%B7%E9%87%8C%E7%BA%A2%E5%A0%A1
871,https://zh-yue.wikipedia.org/wiki/%E7%B4%85%E5%A0%A1
872,https://zh.wikipedia.org/wiki/%E5%BE%B7%E9%87%8C%E7%BA%A2%E5%A0%A1
873,https://en.wikipedia.org/wiki/Wikipedia:Text_of_Creative_Commons_Attribution-ShareAlike_3.0_Unported_License
874,https://creativecommons.org/licenses/by-sa/3.0/
875,https://foundation.wikimedia.org/wiki/Terms_of_Use
876,https://foundation.wikimedia.org/wiki/Privacy_policy
877,https://www.wikimediafoundation.org/
878,https://en.wikipedia.org/wiki/Wikipedia:General_disclaimer
879,https://en.m.wikipedia.org/w/index.php
880,https://www.mediawiki.org/wiki/Special:MyLanguage/How_to_contribute
881,https://stats.wikimedia.org/
882,https://foundation.wikimedia.org/wiki/Cookie_statement
883,https://wikimediafoundation.org/
884,https://www.mediawiki.org/
