1,https://www.britannica.com/
2,https://www.britannica.com/quiz/browse
3,https://www.britannica.com/on-this-day
4,https://subscription.britannica.com/subscribe
5,https://www.britannica.com/browse/Entertainment-Pop-Culture
6,https://www.britannica.com/browse/Geography-Travel
7,https://www.britannica.com/browse/Health-Medicine
8,https://www.britannica.com/browse/Lifestyles-Social-Issues
9,https://www.britannica.com/browse/Literature
10,https://www.britannica.com/browse/Philosophy-Religion
11,https://www.britannica.com/browse/Politics-Law-Government
12,https://www.britannica.com/browse/Science
13,https://www.britannica.com/browse/Sports-Recreation
14,https://www.britannica.com/browse/Technology
15,https://www.britannica.com/browse/Visual-Arts
16,https://www.britannica.com/browse/World-History
17,https://www.britannica.com/games
18,https://www.britannica.com/podcasts
19,https://www.britannica.com/biographies
20,https://www.britannica.com/week-in-review
21,https://www.britannica.com/summary
22,https://www.britannica.com/study/infographics
23,https://www.britannica.com/stories/demystified
24,https://www.britannica.com/list/browse
25,https://www.britannica.com/stories/wtfact
26,https://www.britannica.com/stories/companion
27,https://www.britannica.com/gallery/browse
28,https://www.britannica.com/stories/spotlight
29,https://www.britannica.com/stories/the-forum
30,https://www.britannica.com/videos/Entertainment-Pop-Culture
31,https://www.britannica.com/videos/Geography-Travel
32,https://www.britannica.com/videos/Health-Medicine
33,https://www.britannica.com/videos/Lifestyles-Social-Issues
34,https://www.britannica.com/videos/Literature
35,https://www.britannica.com/videos/Philosophy-Religion
36,https://www.britannica.com/videos/Politics-Law-Government
37,https://www.britannica.com/videos/Science
38,https://www.britannica.com/videos/Sports-Recreation
39,https://www.britannica.com/videos/Technology
40,https://www.britannica.com/videos/Visual-Arts
41,https://www.britannica.com/videos/World-History
42,https://www.britannica.com/videos/britannica-classics
43,https://www.britannica.com/videos/demystified
44,https://www.britannica.com/videos/wtfact
45,https://www.britannica.com/videos/this-week-in-history
46,https://www.britannica.com/videos/explains
47,https://www.britannica.com/animal/ant
48,https://www.britannica.com/summary/ant
49,https://www.britannica.com/facts/ant
50,https://www.britannica.com/animal/ant/images-videos
51,https://www.britannica.com/animal/ant/additional-info
52,https://www.britannica.com/browse/Bugs-Mollusks-Invertebrates
53,https://www.britannica.com/browse/Insects
54,https://www.britannica.com/print/article/26867
55,https://www.facebook.com/BRITANNICA/
56,https://twitter.com/britannica
57,http://corporate.britannica.com/publishing-partner-program/
58,https://animalcorner.co.uk/animals/ants/
59,https://www.nationalgeographic.com/animals/invertebrates/group/ants/
60,https://animaldiversity.org/accounts/Formicidae/
61,http://pestworldforkids.org/pest-guide/ants/
62,https://kids.britannica.com/kids/article/ant/352759
63,https://kids.britannica.com/students/article/ant/272758
64,https://www.britannica.com/editor/The-Editors-of-Encyclopaedia-Britannica/4419
65,https://cdn.britannica.com/27/5727-004-AB701C47/Carpenter-ant.jpg
66,https://www.britannica.com/biography/Edward-O-Wilson
67,https://www.britannica.com/biography/Charles-Henry-Turner
68,https://www.britannica.com/biography/William-Morton-Wheeler
69,https://www.britannica.com/animal/leafcutter-ant
70,https://www.britannica.com/animal/fire-ant
71,https://www.britannica.com/animal/honey-ant
72,https://www.britannica.com/animal/harvester-ant
73,https://www.britannica.com/animal/army-ant
74,https://www.britannica.com/video/22202/Leafcutter-ants-ant-species-rainforests
75,https://www.britannica.com/animal/insect
76,https://www.britannica.com/animal/hymenopteran
77,https://www.britannica.com/place/North-America
78,https://www.britannica.com/video/193428/Edward-O-Wilson-ants-research-ant
79,http://corporate.britannica.com/world-science-festival/
80,https://www.britannica.com/science/abdomen
81,https://www.britannica.com/science/thorax
82,https://www.britannica.com/science/region-geography
83,https://www.britannica.com/quiz/insects-spiders-fact-or-fiction
84,https://www.britannica.com/science/caste-biology
85,https://www.britannica.com/science/queen-insect-caste
86,https://www.britannica.com/science/parasitism
87,https://www.britannica.com/science/larva
88,https://cdn.britannica.com/55/88055-050-95880081/Black-carpenter-ant.jpg
89,https://www.britannica.com/animal/carpenter-ant
90,https://www.britannica.com/animal/animal
91,https://cdn.britannica.com/32/5732-004-59DD1A4D/Weaver-ants-leaves-silk.jpg
92,https://www.britannica.com/video/22203/Army-ants-bivouac
93,https://www.merriam-webster.com/dictionary/notorious
94,https://www.britannica.com/animal/driver-ant
95,https://cdn.britannica.com/29/5729-004-5D3D50ED/Army-ants-nests-bodies-masses.jpg
96,https://cdn.britannica.com/30/5730-004-4E49E583/Driver-ants-queens-army-eggs.jpg
97,https://www.britannica.com/animal/red-imported-fire-ant
98,https://www.britannica.com/place/Alabama-state
99,https://www.britannica.com/place/South-America
100,https://www.britannica.com/place/United-States
101,https://www.britannica.com/science/pest-vermin
102,https://www.britannica.com/science/soil
103,https://www.britannica.com/place/Texas-state
104,https://www.britannica.com/science/pupa
105,https://www.britannica.com/animal/fly-insect
106,https://www.britannica.com/video/180430/Wood-ants-resin-pine-tree-ant-substance
107,https://www.britannica.com/animal/aphid
108,https://www.britannica.com/science/fungus
109,https://www.merriam-webster.com/dictionary/cultivate
110,https://cdn.britannica.com/64/102564-050-6F10A82A/fire-ants-pheromones-marker-trails-ant-species.jpg
111,https://cdn.britannica.com/28/5728-004-AD7FCB03/Harvester-ants.jpg
112,https://www.britannica.com/plant/forage
113,https://www.britannica.com/editor/Adam-Augustyn/6394
1,https://www.britannica.com/
2,https://www.britannica.com/quiz/browse
3,https://www.britannica.com/on-this-day
4,https://subscription.britannica.com/subscribe
5,https://www.britannica.com/browse/Entertainment-Pop-Culture
6,https://www.britannica.com/browse/Geography-Travel
7,https://www.britannica.com/browse/Health-Medicine
8,https://www.britannica.com/browse/Lifestyles-Social-Issues
9,https://www.britannica.com/browse/Literature
10,https://www.britannica.com/browse/Philosophy-Religion
11,https://www.britannica.com/browse/Politics-Law-Government
12,https://www.britannica.com/browse/Science
13,https://www.britannica.com/browse/Sports-Recreation
14,https://www.britannica.com/browse/Technology
15,https://www.britannica.com/browse/Visual-Arts
16,https://www.britannica.com/browse/World-History
17,https://www.britannica.com/games
18,https://www.britannica.com/podcasts
19,https://www.britannica.com/biographies
20,https://www.britannica.com/week-in-review
21,https://www.britannica.com/summary
22,https://www.britannica.com/study/infographics
23,https://www.britannica.com/stories/demystified
24,https://www.britannica.com/list/browse
25,https://www.britannica.com/stories/wtfact
26,https://www.britannica.com/stories/companion
27,https://www.britannica.com/gallery/browse
28,https://www.britannica.com/stories/spotlight
29,https://www.britannica.com/stories/the-forum
30,https://www.britannica.com/videos/Entertainment-Pop-Culture
31,https://www.britannica.com/videos/Geography-Travel
32,https://www.britannica.com/videos/Health-Medicine
33,https://www.britannica.com/videos/Lifestyles-Social-Issues
34,https://www.britannica.com/videos/Literature
35,https://www.britannica.com/videos/Philosophy-Religion
36,https://www.britannica.com/videos/Politics-Law-Government
37,https://www.britannica.com/videos/Science
38,https://www.britannica.com/videos/Sports-Recreation
39,https://www.britannica.com/videos/Technology
40,https://www.britannica.com/videos/Visual-Arts
41,https://www.britannica.com/videos/World-History
42,https://www.britannica.com/videos/britannica-classics
43,https://www.britannica.com/videos/demystified
44,https://www.britannica.com/videos/wtfact
45,https://www.britannica.com/videos/this-week-in-history
46,https://www.britannica.com/videos/explains
47,https://www.britannica.com/animal/ant
48,https://www.britannica.com/summary/ant
49,https://www.britannica.com/facts/ant
50,https://www.britannica.com/animal/ant/images-videos
51,https://www.britannica.com/animal/ant/additional-info
52,https://www.britannica.com/browse/Bugs-Mollusks-Invertebrates
53,https://www.britannica.com/browse/Insects
54,https://www.britannica.com/print/article/26867
55,https://www.facebook.com/BRITANNICA/
56,https://twitter.com/britannica
57,http://corporate.britannica.com/publishing-partner-program/
58,https://animalcorner.co.uk/animals/ants/
59,https://www.nationalgeographic.com/animals/invertebrates/group/ants/
60,https://animaldiversity.org/accounts/Formicidae/
61,http://pestworldforkids.org/pest-guide/ants/
62,https://kids.britannica.com/kids/article/ant/352759
63,https://kids.britannica.com/students/article/ant/272758
64,https://www.britannica.com/editor/The-Editors-of-Encyclopaedia-Britannica/4419
65,https://cdn.britannica.com/27/5727-004-AB701C47/Carpenter-ant.jpg
66,https://www.britannica.com/biography/Edward-O-Wilson
67,https://www.britannica.com/biography/Charles-Henry-Turner
68,https://www.britannica.com/biography/William-Morton-Wheeler
69,https://www.britannica.com/animal/leafcutter-ant
70,https://www.britannica.com/animal/fire-ant
71,https://www.britannica.com/animal/honey-ant
72,https://www.britannica.com/animal/harvester-ant
73,https://www.britannica.com/animal/army-ant
74,https://www.britannica.com/video/22202/Leafcutter-ants-ant-species-rainforests
75,https://www.britannica.com/animal/insect
76,https://www.britannica.com/animal/hymenopteran
77,https://www.britannica.com/place/North-America
78,https://www.britannica.com/video/193428/Edward-O-Wilson-ants-research-ant
79,http://corporate.britannica.com/world-science-festival/
80,https://www.britannica.com/science/abdomen
81,https://www.britannica.com/science/thorax
82,https://www.britannica.com/science/region-geography
83,https://www.britannica.com/quiz/a-is-for-animal-quiz
84,https://www.britannica.com/science/caste-biology
85,https://www.britannica.com/science/queen-insect-caste
86,https://www.britannica.com/science/parasitism
87,https://www.britannica.com/science/larva
88,https://cdn.britannica.com/55/88055-050-95880081/Black-carpenter-ant.jpg
89,https://www.britannica.com/animal/carpenter-ant
90,https://www.britannica.com/animal/animal
91,https://cdn.britannica.com/32/5732-004-59DD1A4D/Weaver-ants-leaves-silk.jpg
92,https://www.britannica.com/video/22203/Army-ants-bivouac
93,https://www.merriam-webster.com/dictionary/notorious
94,https://www.britannica.com/animal/driver-ant
95,https://cdn.britannica.com/29/5729-004-5D3D50ED/Army-ants-nests-bodies-masses.jpg
96,https://cdn.britannica.com/30/5730-004-4E49E583/Driver-ants-queens-army-eggs.jpg
97,https://www.britannica.com/animal/red-imported-fire-ant
98,https://www.britannica.com/place/Alabama-state
99,https://www.britannica.com/place/South-America
100,https://www.britannica.com/place/United-States
101,https://www.britannica.com/science/pest-vermin
102,https://www.britannica.com/science/soil
103,https://www.britannica.com/place/Texas-state
104,https://www.britannica.com/science/pupa
105,https://www.britannica.com/animal/fly-insect
106,https://www.britannica.com/video/180430/Wood-ants-resin-pine-tree-ant-substance
107,https://www.britannica.com/animal/aphid
108,https://www.britannica.com/science/fungus
109,https://www.merriam-webster.com/dictionary/cultivate
110,https://cdn.britannica.com/64/102564-050-6F10A82A/fire-ants-pheromones-marker-trails-ant-species.jpg
111,https://cdn.britannica.com/28/5728-004-AD7FCB03/Harvester-ants.jpg
112,https://www.britannica.com/plant/forage
113,https://www.britannica.com/editor/Adam-Augustyn/6394
